47.63,16.63,84.2
47.11,16.46,100
47.85,16.54,86.4
47.84,16.93,83.3
47.24,16.32,105
47.06,16.32,75.5
47.77,16.77,79.8
46.94,16.13,83.5
48.09,17.07,100
47.6,16.39,77.5
47.41,16.42,72.6
47.74,16.4,78.5
47.96,16.84,84.2
47.5,16.5,78.6
47.29,16.21,76.2
47.7,16.91,107
47.81,16.68,71.9
47.37,16.12,107
47.3,16.45,80
47.16,16.17,88.2
47.72,15.78,84.9
48.08,15.92,72.9
47.62,15.83,95.6
46.55,13.71,97.7
46.96,14.8,83.2
46.62,13.69,114
46.59,14.8,77.4
46.59,14.64,93.3
46.72,14.1,92.9
46.54,14.31,87.4
46.57,13.91,80.9
46.96,14.41,80.6
46.91,13.53,118
46.87,14.29,118
47.04,12.85,92.8
46.63,13.36,90.5
46.61,14.32,79.8
46.87,14.12,97.7
46.67,13,87.8
46.64,14.94,88.3
46.75,12.97,108
46.93,13.2,92.7
46.68,13.98,88.8
46.71,13.64,123
46.8,13.7,96.2
46.55,14.06,103
46.77,14.83,94.7
46.7,14.87,79.4
46.75,14.34,95.1
46.8,13.5,110
46.87,14.47,92.1
46.61,14.04,98.2
46.61,13.85,84.6
46.63,14.15,88.7
46.66,14.62,84
46.87,12.88,99.3
46.83,14.82,109
47.06,13.62,122
46.79,14.96,110
46.6,13.67,107
48.7,15.32,96.5
48.02,16,89.3
48.12,14.87,79.3
47.51,16.04,87.2
48,16.25,66.1
47.95,16.11,73.5
48.03,16.78,85.6
47.96,16.4,82.2
48.65,15.82,83.1
48.31,16.69,80.5
47.68,15.94,72.9
48.76,14.97,120
48.57,14.96,147
47.8,16,97.1
47.88,15.89,78.3
48.11,14.57,108
48.15,16.94,102
48.03,15.77,97.4
48.87,15.12,130
48.29,15.69,91.7
48.56,16.08,90
48.66,15.66,90.5
48.3,16.32,74.3
48.36,16.33,73.9
48.42,15.62,94
48.73,16.39,84.5
48.47,15.7,97.8
48.02,15.6,79.3
47.86,15.03,75.7
48.11,15.34,89.2
47.97,16.6,120
48.23,15.33,79.2
48.57,16.61,98.3
48.08,16.3,68.8
48.2,15.91,102
47.73,16.09,78.3
47.88,14.82,79.5
48.42,15.22,84
48.12,16.27,91.9
47.91,16.39,90.4
48.67,16.63,102
48.85,15.49,122
48.75,15.96,90.2
47.85,15.56,77
48.2,15.62,79
48.21,15.63,99.8
48.17,14.53,91
48.01,15.17,90.1
48.79,15.07,131
48.14,16.48,65.9
48.39,16.22,73.8
48.33,16.05,72.1
48.81,15.28,103
47.96,14.78,91
47.84,16.25,75.9
47.82,16.23,73.9
48.11,15.61,78
48.38,16.52,88.2
48.18,15.09,98.5
48.55,16.76,105
48.6,15.16,85.7
48.71,16.13,83.6
48.28,16.91,88.4
48.83,15.72,115
48.67,14.84,147
48.56,16.37,75.6
48.12,16.62,79.4
47.81,15.25,82.7
48.52,15.49,120
48.33,15.34,92.4
48.18,16.08,98.1
48.25,13.23,80
47.71,13.63,95.8
48.03,14.21,95.3
48.26,13.04,83.3
48.31,14.02,86.4
48.49,13.74,77.2
48.21,14.48,96.1
47.99,13.4,82.4
48.51,14.5,88.6
47.92,13.79,72.1
48.23,14.85,122
48.23,13.83,79.2
47.85,13.96,84.3
47.56,13.65,75.9
48.32,14.28,97.4
48.05,14.13,98.3
48.08,13.88,90.8
48.31,14.31,65.4
48.19,14.11,69.9
48.1,13.15,82.6
47.87,13.33,91.4
48.48,13.56,85.2
48.48,13.99,83.3
48.27,13.73,94.1
48.32,13.33,96.1
48.46,14.22,86.4
48.03,12.89,88.4
48.26,14.21,72.4
48.25,14.64,89.1
48.35,14.54,146
48.21,13.48,85.9
48.57,13.99,89.3
48.56,14.65,111
48.46,13.43,97.5
48.04,14.41,69.1
48.24,14.25,70.8
48.44,14.78,125
48.68,13.9,93.4
48.01,13.92,84.5
48.01,13.65,73.9
48.16,14.02,82.3
47.85,14.68,81.5
48.11,13.67,89.8
47.72,14.33,77.6
48.52,14.29,87
48.37,13.57,96.8
47.82,13.72,89.5
47.67,14.17,83.7
47.56,13.34,78.4
47.17,13.1,108
47.42,13.23,77.9
47.23,12.83,87.3
47.6,13.17,72.2
47.69,13.1,73
47.22,12.18,104
47.99,12.96,79.2
47.58,12.7,91
47.28,12.48,96.4
47.39,13.46,84.2
47.22,12.99,88.2
47.42,12.85,76
47.79,13.05,72.9
47.77,13.37,79.1
47.35,13.2,72.7
47.1,13.64,102
47.9,13.1,92.4
47.05,12.96,164
47.13,13.81,98.1
47.29,12.96,88
47.84,13.26,79
47.79,12.97,91
47.48,13.19,98.1
47.33,12.8,95.4
47.81,13.11,79.6
47.25,13.56,90.9
47.13,12.63,187
47.33,12.74,98.2
47.54,15.24,88.1
47.59,14.46,82.9
47.61,13.78,86.3
46.89,15.98,119
47.36,15.69,113
47.41,15.26,84.2
46.75,15.83,94.9
46.82,15.21,101
46.95,15.89,124
47.44,16.06,79.2
47.27,15.32,86.7
47.05,16.08,86
47.1,15.71,98.5
47.14,15.35,88.3
47.08,15.45,103
47.07,15.44,112
47.44,13.9,80.2
47.28,15.97,101
47.61,14.74,83.4
47.17,14.66,108
47.44,15.29,107
47.51,15.45,123
47.22,14.83,88.4
47.55,15.56,89.1
46.85,15.54,107
46.78,15.54,84.1
47.37,15.08,79.1
46.98,15.33,80.4
47.57,14.24,79.1
47.77,15.32,81
47.4,14.82,90.8
47.11,14.18,107
47.61,15.67,80.5
47.67,15.57,86.2
47.07,14.43,98.7
47.07,14.7,93.9
47.2,14.28,108
46.69,15.99,110
47.46,15.71,115
46.87,15.5,89.2
47.49,14.48,75.6
47.34,15.01,83.3
47.39,13.68,70.8
46.69,15.64,83.1
47.89,14.23,94.2
47.43,15.01,80.4
47.2,14.45,114
47.05,15.15,91.3
47.4,15.89,75.4
47.22,15.63,88.4
46.72,15.27,93.4
47.66,14.99,72.3
46.93,15.66,88
47.71,14.91,92.8
47.19,15.49,95.8
47.12,14.19,123
47.36,14.47,87
47.35,14.03,101
47.56,14.01,89
47.4,10.92,93.4
47.29,10.44,74.4
47.15,11.35,97
46.97,10.19,90.9
47.23,10.74,77.6
47.26,11.41,78.7
47.39,11.77,92.6
47,12.65,102
47.46,12.38,88.3
47.58,12.17,74.1
47.14,10.57,97
46.83,12.76,90.8
47,12.54,96.9
47.16,11.85,91.1
46.9,10.5,116
47.53,11.71,75.3
47.05,10.65,104
47.2,10.9,104
47.49,10.72,78.8
47.13,10.27,93.3
46.92,12.33,99
47.52,12.43,85
47.35,11.71,114
47.33,11.2,83.9
46.75,12.42,107
46.97,11.01,114
47.09,11.47,101
47.31,11.07,95.5
47.55,10.66,83.6
47.49,12.06,75
47.21,11.99,93.2
47.42,12.36,110
47.47,11.47,80.4
47.08,11.67,134
47.66,12.4,71.9
47.38,9.9,73.4
47.16,9.82,81.3
47.5,9.75,74.1
47.41,9.75,73.8
47.24,9.6,95.8
46.99,10.03,89.7
47.34,9.64,105
47.13,10.09,73
47.43,9.66,72.2
47.36,10.19,70.1
47.25,9.91,73.4
47.09,9.88,86.5
47.52,9.91,87.5
46.93,10.05,93
47.05,9.76,90.7
47.51,9.78,75.5
48.21,16.39,72.4
48.17,16.36,78.9
48.21,16.27,76.6
48.26,16.48,89.6
48.2,16.41,86.2
46.87,11.03,136
47.21,11.46,144
46.93,10.88,162
47.32,11.57,90
46.96,11.01,172
47.51,10.46,84.6
46.86,12.79,99.2
47.26,11.35,80.5
47.16,10.21,118
51.26,5.13,172.8
51.18,5.09,4430.7
51.18,5.11,4436.5
51.2,5.11,4435.3
51.23,5.12,4430.3
51.24,5.09,4424.9
51.27,5.08,170.6
51.24,4.97,4435.1
51.21,5,4423.3
51.46,4.44,98.91
50.74,3.97,4398
50.85,4.26,5853
51.08,4.45,1683.9
51.22,4.57,1682.7
51.43,4.76,123.4
50.8,4.36,5841
50.9,4.53,5836
51.09,4.72,1996.7
51.08,4.91,4431.8
51.41,5.01,174.8
50.88,4.82,6219
50.99,5.06,9259.2
51.07,5.28,9249.9
51.17,5.46,5119.8
51.24,5.3,4427.6
50.81,5.21,9257.3
51.02,5.52,9798.1
51.1,5.79,7575
51.22,5.09,4421
50.45,4.49,32303
50.43,4.5,32315
50.44,4.53,32304
50.46,4.53,32315
50.47,4.54,32313
50.4,4.51,32322
50.45,4.55,32321
50.48,4.55,32315
50.09,4.68,36019
50.12,4.7,36005
50.14,4.73,36020
50.16,4.83,36029
50.15,4.91,25414
50.09,4.89,25418
50.07,4.86,36009
50.02,4.86,36023
50.68,3.33,5543
50.54,3.45,16597.1
50.57,3.83,16613
50.6,4.15,18312
50.68,4.39,18812
50.75,4.76,6219
50.39,3.7,49115
50.36,3.95,49116
50.48,4.25,36312
50.58,4.69,18816
50.16,4.23,36516
50.32,4.39,32312
50.45,4.78,32305
50.49,5.07,32704
50.08,4.29,36512
50.23,4.65,32318
50.1,4.6,36003
50.17,4.83,36011
50.31,5.12,32714
50.36,5.28,32713
49.81,4.9,24916
50.14,5.21,22824
50.45,4.54,32317
51.31,4.26,115.01
51.3,4.31,97.01
51.32,4.29,108.01
51.36,4.26,104.71
51.29,4.17,108.01
51.26,4.28,104.51
51.31,4.39,99.91
51.34,4.37,95.01
51.37,4.3,99.41
51.09,2.65,1018.4
51.2,2.85,1024
51.26,3.03,102
51.32,3.3,93.7
50.85,2.74,2745
50.99,2.84,1020.6
51.03,3.13,1668
51.15,3.4,1663.1
51.27,3.58,99.7
50.9,3.12,1673
50.91,3.42,4388.4
51.06,3.71,4389
51.16,3.72,325.5
51.22,3.98,320.6
50.75,3.65,4402
50.87,3.83,4395
51.05,4.11,5841
50.55,5.27,25316
50.54,5.26,25319
50.53,5.25,32715
50.53,5.27,32715
50.53,5.3,25299.8
50.55,5.29,25316
50.52,5.23,32715
50.51,5.27,32714
50.51,5.32,32717
50.54,5.33,25309
50.56,5.36,25311
50.63,5,24716
50.64,5.44,24910
50.76,5.62,9820
50.75,5.69,9813
50.49,5.68,32321
50.66,5.85,21520
50.72,6.01,11795.8
50.29,5.56,32218
50.37,5.68,32318
50.48,5.91,23318
50.51,6.07,23305
49.91,5.14,26216
50.04,5.4,22815
50.14,5.67,22625
50.22,5.91,22820
50.3,6.06,23022
50.33,6.34,22022
49.79,5.24,20116
49.87,5.46,21627
50,5.7,17823
49.58,5.58,7819
49.6,5.65,7811
49.83,5.73,18110
50.8,4.35,5862
46.49,7.56,124
46.33,6.93,134
46.87,8.63,124
47.54,7.58,124
46.99,7.46,100
47.08,6.79,102
46.4,6.23,108
47.13,7.05,83.2
46.87,9.53,104
46.81,9.84,101
46.71,8.85,110
46.43,6.1,91.2
46.82,8.41,85.5
47.42,6.94,119
46.84,6.58,104
47.04,9.07,92.8
47.37,7.99,113
45.87,7.17,119
47.6,9.28,102
46.25,6.12,118
46.52,9.18,124
47.37,8.94,117
46.55,7.99,194
47.48,8.53,118
47.6,8.18,108
46,8.96,124
47.04,8.3,98.8
46.16,8.88,125
46.55,7.02,112
46.97,7.27,105
47,7.94,81.2
47,6.95,98
46.17,8.79,157
46.81,6.94,95.5
46.52,8.68,130
47.54,8.23,120
46.51,6.67,110
46.35,10.06,162
47.44,7.88,98
47.25,9.34,112
46.53,9.88,114
45.84,8.93,154
46.79,10.28,104
47.69,8.62,113.69
46.22,7.34,105
47.38,8.57,108
47.48,8.91,96.5
47.13,9.52,97.8
46.3,7.84,134
47.22,8.68,110
47.26,7.79,95.5
46.03,7.75,112
35.18,33.32,56.9
34.91,33.63,48
34.68,33.05,52.3
35.04,33.99,48.9
34.77,32.42,56.2
35.04,32.43,50.9
35.04,32.9,62.7
48.97,14.47,126
49.75,13.38,96.5
50.67,14.03,96
50.21,15.84,118
49.19,16.6,123
49.84,18.28,125
50.07,14.42,100
50.05,14.45,141
49.62,13.99,166
50.97,14.52,110
50.37,12.62,106
50.23,17.18,106
48.73,14.73,116
50.67,15.85,102
50.32,16.38,101
49.05,18,99.8
48.8,16.73,120
49.95,17.92,123
49.5,18.53,94
50.08,12.4,105
50.2,12.92,155
49.67,12.67,115
50.38,13.33,105
49.07,13.62,113
49.47,13.83,149
50.68,14.03,110
50.47,14.17,112
50.1,14.25,118
50.02,14.45,116
49.2,14.33,122
48.93,14.45,130
50.77,15.02,118
49.58,15.08,124
49.18,15.47,123
50.67,15.75,112
50.18,15.83,90.7
49.58,15.77,114
49.98,16.43,120
49.73,16.03,120
49.1,16.13,89
48.88,16.08,113
49.65,16.95,126
49.77,17.55,144
49.32,17.57,125
49.68,18.12,119
49.55,18.45,98
49.55,18.21,122
49.35,16.42,134
49.9,14.58,119
49.59,17.25,129
49.23,17.67,144
48.86,17.14,111
54.78,9.38,81.5
54.02,9.05,78.7
54.17,9.33,66.2
53.99,9.26,60.4
54.19,9.15,67.8
54.35,9.03,66.6
54.27,9.05,59.8
54.21,8.92,74.4
53.48,10.62,76.7
53.48,10.36,74.4
53.69,10.49,87.5
53.39,10.5,76.2
53.44,10.45,88.2
54.69,8.99,65
54.77,8.29,57
54.77,8.99,72.9
54.65,8.35,61.7
54.52,8.67,83
54.5,11.24,83.8
54.2,11.09,85.7
54.15,10.6,82.4
54.38,10.95,84.2
54.31,11.06,89.7
54.1,10.82,86.3
53.9,10.66,73.8
53.86,9.74,67
54.17,7.89,76.8
54.37,10.21,81.7
54.3,10.23,81.6
54.3,10.59,88
54.18,10.2,73.3
54.16,10.45,75.3
54.29,10.42,83.4
54.44,9.7,84.7
54.47,9.87,71
54.4,9.97,83.6
54.21,9.7,66.4
54.27,10.08,89
54.33,9.67,76.4
54.08,9.9,65.7
54.31,9.31,72.4
54.65,9.94,81.1
54.63,9.52,58.4
54.53,9.55,85.7
54.64,9.76,79.5
54.83,9.56,77.5
54.73,9.74,86.5
53.91,10.17,71.9
53.88,9.98,59.1
54.04,10.39,76.7
53.79,10.08,71.5
53.86,9.42,82.5
53.78,9.61,69.5
53.84,9.49,83.6
53.93,9.21,67.5
53.94,9.4,78.8
53.92,9.58,70.8
53.88,9.26,71.2
54.04,9.48,79.7
53.73,9.48,83.2
53.61,10.25,84.7
53.81,10.44,89
53.53,10.14,78.6
53.58,10.11,77.7
53.65,10.11,69.4
53.47,10.19,79.7
52.13,10.3,93.54
52.47,10.53,67.6
52.65,10.46,61.4
52.39,10.53,80.3
52.48,10.36,73.9
52.62,10.59,71.8
52.62,10.81,69.6
51.5,9.76,0
51.44,9.93,0
51.61,10.21,0
51.48,10.11,0
51.52,9.93,0
51.56,10.06,0
51.81,10.54,101
51.72,10.6,111.1
52.02,10.43,99.1
51.95,10.54,102
52.25,10.81,68.6
51.88,10,96.74
51.79,10.06,98.14
51.68,10.1,151.7
51.73,9.79,212.8
51.62,9.66,211.9
51.63,10.47,115.4
51.75,10.21,149.5
51.58,10.61,112.5
52.27,10.23,115
52.32,10.24,80.8
52.32,10.39,75.8
52.04,10.6,101
52.04,10.26,100.44
52.41,9.65,76.5
52.39,9.8,65.7
52.77,9.01,86
52.72,8.53,71.7
52.85,8.74,74.2
52.61,8.36,68.7
52.75,8.71,76
52.62,8.65,68.9
52.59,8.84,73.2
52.47,8.37,67.3
52.88,9.06,71.1
52.79,8.84,88.6
52.69,8.82,68.3
52.93,8.82,75.8
52.06,9.33,104.4
51.97,9.3,103
52.11,9.55,95.82
52.15,9.39,100.06
52.17,9.24,102.46
52.07,9.58,96.72
52.45,10,70.9
52.47,9.6,69.5
52.3,9.6,92.71
52.46,9.7,76
52.37,9.97,76.2
52.42,9.43,83
51.95,9.84,90.34
51.98,10.14,102.54
52.13,9.73,99.92
52.15,9.97,96.5
52.15,10.09,86.6
52.05,9.9,103.54
52.01,9.7,97.42
51.84,9.44,108.9
51.75,9.52,368
51.95,9.41,112.6
51.89,9.63,92.02
52.6,9.09,67.4
52.47,9.23,77.3
52.24,9.25,94.46
52.26,9.03,81.2
52.61,10.29,74.7
52.81,9.96,75.1
52.74,10.24,70.3
52.84,10.3,78.4
52.65,9.86,71.9
52.73,9.85,70
53.62,8.84,68.5
53.77,9.05,80.4
53.85,8.67,78.9
53.69,8.56,84.1
53.36,8.64,69.5
53.63,9.1,69.8
53.45,8.63,70.6
53.81,8.9,81
53.74,8.8,68
53.64,8.57,80
53.3,10.05,84.9
53.42,10.31,73.3
53.25,9.83,60.4
53.2,10.05,67.1
53.38,9.72,75.2
53.45,9.8,63
53.4,10.42,74.6
53.36,10.2,73.2
53.14,11.04,81.3
53.07,11.44,67.6
52.98,11.07,73.2
52.92,11.28,66.8
53.24,10.87,69.9
52.88,10.89,71.3
53,11.32,66.1
53.07,10.88,73.3
53.18,10.75,77.6
53.1,10.22,64.4
53.5,9.17,50.3
53.17,9.67,71.9
53.35,9.02,65.6
53.5,8.97,64.6
53.02,9.39,72.3
53.11,9.4,63.8
52.99,9.58,74.9
53.11,10.08,66.1
53.12,9.8,74.7
52.9,9.46,79.4
52.92,9.97,68.1
53.83,9.13,76.8
53.69,9.43,78.7
53.52,9.4,72.6
53.63,9.32,70.4
53.45,9.51,71.8
53.61,9.49,77.8
53.62,9.53,79.5
53.77,9.32,105
53.09,10.57,59.5
53.15,10.49,76.3
53.05,10.39,64.1
52.8,10.76,65.5
53.05,9.04,69.4
52.96,9.25,70.4
53.04,8.59,73.5
53.36,7.16,81.9
53.14,8.24,66.8
52.26,8.11,70.19
53.6,8.05,77.7
53.13,7.98,67.9
53.25,7.94,64.9
53.47,7.5,70.9
53.54,7.62,65.5
53.73,7.37,83.8
53.35,7.61,71.1
53.67,7.29,76.5
53.5,7.1,75.8
53.41,7.02,86.3
53.5,7.3,76.4
53.71,7.15,67.4
53.17,7.74,65.7
52.84,8.01,71.6
53.03,7.85,65.2
52.92,7.89,66
52.96,8.03,66.9
52.6,7.4,62.1
52.43,7.51,62
52.92,7.54,76.4
52.45,7.31,69.4
52.84,7.1,63.6
52.68,7.6,69
52.77,7.46,73.7
52.87,7.33,67.2
52.9,7.17,58.3
52.56,7.53,69.9
52.46,7.37,80.84
52.51,7.29,66.1
53,7.4,67.3
52.65,7.09,58
52.71,7.1,64.9
53.79,7.91,66.8
53.38,7.96,71.3
52.32,7.17,61.8
52.27,7.04,65.1
52.36,7.09,63.4
52.57,7.08,66.4
52.46,7.18,67.8
52.47,7.02,64.8
53.6,6.7,66.5
53.33,7.34,87.5
53.13,7.58,60.8
53.13,7.23,49
52.96,8.63,67.9
52.95,8.26,71.4
53.02,8.35,68.2
53.11,8.46,68.4
53.06,8.21,69.9
52.9,8.43,66.5
52.55,7.89,84.2
52.32,8.34,94.09
52.14,8.05,79.16
52.26,8.21,76.79
52.45,7.96,74.2
52.62,7.74,80.7
52.38,8.21,81
52.67,7.94,72.4
52.71,8.29,77.3
53.33,8.48,81.2
53.57,8.36,74
53.57,8.26,81.7
53.25,8.47,86.9
53.34,8.19,71.5
53.48,8.47,66.9
53.27,8.32,77.3
53.46,8.36,82
53.65,7.61,65.9
53.77,7.69,61.1
53.17,8.68,129
53.6,8.54,73.8
53.5,8.57,65.2
53.55,8.6,68.8
51.41,6.97,741.6
51.3,6.54,733.7
51.18,6.4,7909.3
51.19,7.27,8466
51.3,7.2,704.1
51.87,6.14,78.8
51.59,6.21,306.8
51.81,6.4,79.2
51.17,6.94,8601.7
51.28,7.03,746.7
51.1,6.56,97.9
51.25,6.19,70.4
51.34,6.33,511.4
51.73,6.73,429.9
50.99,6.95,10985
51.05,7.01,10979.7
50.88,6.17,11791.2
50.6,6.29,20891.6
50.92,6.33,11497.8
50.96,6.43,11491.9
51.01,6.43,11504
50.83,6.8,10992.5
51.02,6.79,10983.7
50.5,6.56,19683.1
51.01,6.04,11791.3
51.04,6.13,11786.3
51.05,7.26,10302
50.63,7.21,18383.6
50.78,7.02,10981.3
50.78,7.42,9858.5
50.79,7.28,10390.1
50.6,6.93,19499.5
50.67,6.94,19490.2
51.56,7.07,689.3
52,7.59,84.19
52.13,6.91,67.8
52.04,6.93,71.2
51.89,6.67,91.2
51.91,6.85,88.3
51.83,6.79,68.4
51.95,6.99,70.1
52.2,7.03,72.1
52.23,7.01,80.6
52.17,7.06,63.4
52.13,7.1,71.14
52.12,7.05,60.1
52.05,7.15,73.34
51.94,6.81,85.2
52.04,6.84,79.2
52.1,6.85,72.8
51.79,7.63,79.49
52.03,7.27,80.24
51.86,7.48,79.8
51.54,7.33,706.2
51.67,7.36,451.7
51.66,7,430.7
51.74,7.21,443.4
51.65,7.16,450
52.14,7.69,69.79
52.33,7.51,74.44
52.11,7.88,88.29
52.25,7.37,77.04
52.21,7.19,71.5
52.16,7.33,74.7
51.75,7.89,479.2
51.75,8.04,483.2
51.89,8.04,75.66
51.91,7.81,76.99
51.8,8.2,84.26
52.05,8.03,75.96
52.05,8.3,69.96
51.97,8.22,72.16
51.81,8.41,73.96
51.92,8.66,73.76
52.23,8.47,95.89
52.12,8.49,98.06
52.17,8.86,101.64
51.74,9.01,364.4
51.57,9.23,439
51.79,9.4,115.2
51.82,9.23,128.2
51.88,9.08,97.4
51.63,9.13,358.7
51.93,8.89,112
52.03,8.91,98.1
52.26,8.75,89.44
52.31,8.61,93.39
52.38,8.99,85.66
52.43,8.6,67.5
52.37,8.46,79.09
51.55,8.56,636.1
51.76,8.56,474.1
51.62,8.89,395.5
51.43,7.19,702.1
51.47,7.6,670.3
51.36,7.47,670
51.65,7.83,463.5
51.36,7.3,707.3
51.39,8.07,670
51.39,8.58,647.2
51.25,8.18,666
51.11,8.62,3275
51.47,8.85,509.3
51.16,8.29,3273
51.32,8,647.8
51.12,7.88,8214
51.17,7.97,5641
51.08,8.1,5645
50.98,7.85,9328
51.08,8.42,3273
50.92,8.41,3415
51.66,8.05,473.4
51.69,8.44,470.4
51.5,8.44,623.8
51.43,8.34,647.3
51.6,7.69,657.1
51.62,7.52,457
51.54,7.73,668.7
51.67,7.63,463.7
50.16,8.65,4118.3
50.1,8.57,4139
50.02,8.53,4106.5
50.11,8.73,3896
50.09,8.22,4129.4
49.69,8.4,2722.7
49.67,8.53,2718.3
49.59,8.81,2749
49.74,8.62,3919.7
49.92,8.95,1111
49.8,8.64,3917.8
49.78,8.48,3923.4
49.97,8.58,4106.9
49.84,8.45,4118.1
50.27,8.45,4487
50.31,8.56,4482
50.12,9.47,1112
50.2,9.18,1108.8
50.35,9.53,816
50.26,9.51,1486.5
50.27,9.32,1491
50.06,8.37,4132
50.12,8.49,4127.3
49.81,9.05,1323.1
49.72,8.84,2749
49.5,8.92,2075.2
50.02,8.8,3903.7
49.96,8.66,4123.6
50.05,8.97,1099.9
50.16,8.06,5128
50.2,8.29,4487
50.04,7.8,7944
50.29,8.95,2824
50.29,9.11,1491
50.32,8.75,2816.7
50.39,9.14,1748
50.47,8.89,3006.2
50.7,8.45,4691
50.74,8.27,3598.7
50.85,8.37,3592.5
50.58,8.29,4690
50.67,8.22,4681.3
50.58,8.49,4697
50.3,8.27,4482
50.44,8.03,10999.4
50.48,8.25,4706
50.43,8.38,4676.1
50.69,8.61,4685.6
50.79,8.77,2413
50.82,8.99,1624
50.73,9.24,1640
50.69,9.06,1725
50.63,9.39,1734.1
50.67,9.57,763
50.57,9.19,1743.3
51.31,9.51,0
50.75,9.84,293
50.55,9.7,771
50.5,9.94,316.2
50.5,9.48,1754
50.65,10.02,337
50.89,9.73,0
50.83,9.91,0
51.02,9.92,0
50.96,10.04,0
51.25,9.37,0
51.42,9.18,0
51.39,9.54,0
51.6,9.55,0
51.5,9.59,0
51.37,9.3,0
51.14,9.3,0
51.02,9.41,0
51,9.14,0
51.12,9.55,647
51.38,9.01,434.4
51.01,8.63,3409.9
51.36,8.81,513
51.47,9,440
50.97,8.97,2311
51.2,8.8,2234.3
51.23,9.09,1617
51.28,8.66,661
51.04,10.15,270
51.2,9.65,0
51.24,10.06,0
51.15,9.88,0
51.19,10.18,0
51.35,9.86,0
50.51,6.99,19703
50.53,7.1,18596.9
50.46,7.21,18607
50.41,6.88,19701
50.62,7.53,15996.4
50.78,7.71,9859.7
49.79,7.48,7929.4
49.95,7.79,7935
49.88,7.64,7931
49.7,7.35,4497
49.86,7.34,7944
50.16,7.18,13903
50.13,7.01,13909
50.22,6.98,18603
50.03,7.17,13910
50.32,7.22,17114
50.41,7.55,16004
50.4,7.5,16015
50.34,7.47,13716
50.25,7.36,13707
50.52,7.31,18589.4
50.56,7.29,18386.9
50.43,7.48,15994.1
50.17,7.56,7939
50.07,7.45,7947
49.91,7.51,7937
49.98,7.52,7934
50.35,7.89,9676
50.27,7.98,9678
50.32,7.59,13705
50.2,7.86,7939
50.15,7.73,7963
50.28,7.83,13711
50.66,7.95,10997.4
50.6,8.07,10993.3
50.65,7.72,16005
49.75,6.66,9501
50.09,6.81,13898.5
49.86,6.9,13893.9
49.85,6.35,17397.7
50.02,6.23,17601
49.92,6.26,17412
49.94,6.64,13911
49.98,6.19,17606
50.3,6.34,21996.3
50.24,6.29,22008
50.07,6.19,17601
50.1,6.45,17396.7
50.15,6.22,17601
50.21,6.42,22004
50,6.45,17398.5
50.29,6.67,18600
50.35,6.57,18603
50.33,6.45,21996.1
49.72,6.79,5089
49.57,6.37,5296
49.6,6.56,3043.9
49.67,6.52,9490.9
49.61,6.42,5285
49.6,6.69,3044.1
49.54,8.37,2720.4
49.2,7.62,3981
49.67,8.35,2712.5
49.76,8.34,3920.9
49.74,8.12,4944
49.77,7.95,7934
49.47,8.19,2724.1
49.35,7.94,4470.9
49.57,8.18,2721.3
49.41,8.01,4471.6
49.73,7.78,4498
49.6,7.78,4495
49.21,8.36,2872.4
48.99,8.24,3003.9
49.05,8.25,3001.2
49.49,7.89,4473.2
49.28,8.23,2884.4
49.05,8.03,3148.6
49.26,8.4,2880.6
49.4,8.39,2722.5
49.97,8.26,4136
49.08,7.71,3258.8
49.32,7.7,4474.8
49.26,7.56,3969.6
49.22,7.9,3960.2
49.19,7.44,3269
48.78,9.18,6117
48.69,9.04,1037
48.6,8.86,1031
48.8,9,6116
48.72,8.98,1028
48.75,9.32,6113
48.65,9.44,1010.1
48.74,9.48,6095.6
48.55,9.37,1021
48.72,9.26,1020
48.68,9.93,665
48.74,9.72,662.9
48.99,9.55,5179
49.18,8.84,3021
49.41,9.61,1759.6
49.29,9.8,1181
49.3,9.62,1780
49.21,9.5,4906
49.29,10.04,1185
49.15,10.06,2272
49.17,9.92,2260
49.08,9.55,5161.7
49.1,9.73,2274
49.08,9.98,2264
49.41,9.83,1171
49.53,9.64,1752.4
49.66,9.73,1167.4
49.53,9.85,1167.5
48.86,9.79,2283
48.82,9.96,98.7
48.76,10.33,2162.7
48.94,10.37,463.1
48.83,10.12,2160.8
49.12,8.73,3022
49.13,8.53,2997.9
49.1,8.48,3003.7
48.69,8.12,1022.3
48.68,8.36,1004
48.61,8.28,964
48.79,8.33,96.9
48.76,8,3250
49.37,9.42,2072
49.52,9.33,2058.7
49.61,9.47,2074
48.66,8.6,977
48.57,8.69,930
48.7,8.53,957.4
48.71,8.76,972.4
48.86,8.85,6039.3
48.85,8.58,3033
48.35,8.39,981
48.47,8.42,938
48.52,8.56,943
48.59,8.42,938
47.92,7.91,77.29
47.98,7.9,104.34
47.86,8.11,106.39
48.17,8.06,117.43
48.14,7.8,98.74
48.16,7.64,93.74
48.11,7.98,109.34
48.66,8.02,1031
48.43,8.21,945
48.42,7.77,714.5
48.53,8.07,793
48.27,7.95,575
48.45,7.89,742
48.53,7.86,722.4
48.35,7.76,709.8
48.47,7.8,710.2
48.65,7.89,721.4
48.29,8.56,639
48.25,8.44,617
48.38,8.58,935
48.17,8.6,136.85
48.13,8.38,115.85
48,8.32,137.85
48.04,8.47,97.25
48.1,8.81,84.15
48.01,8.66,112.85
47.98,8.81,109.72
47.86,8.78,110.72
47.7,8.76,88.98
47.68,9.19,89.97
47.66,8.89,84.4
47.74,8.98,89.47
47.75,8.85,99.08
47.86,9.01,96.68
47.82,8.66,104.69
47.74,7.55,88.67
47.66,7.54,86.3
47.74,7.81,155.55
47.71,7.61,110.27
47.56,7.78,85
47.65,7.83,127
47.84,7.88,112.55
47.54,7.67,78.5
47.82,8.34,104.69
47.74,8.44,94.99
48.28,9.48,576.2
48.41,9.53,909.1
48.48,9.23,1002.4
48.48,9.4,991.4
48.35,9.33,1023.8
48.4,9.05,1023.1
48.45,8.96,1017
48.27,8.85,599
48.29,9.14,565.2
48.35,8.78,938
48.21,8.77,618
48.21,9,562.6
48.47,9.94,674
48.27,9.73,370.8
48.37,9.74,634.2
48.06,9.61,88.78
48.11,9.42,87.38
48.18,9.97,85
48.2,9.78,107
47.59,9.6,83.9
47.78,9.15,96.67
47.79,9.43,93.37
47.94,10.09,87.8
47.94,9.54,97.28
47.92,9.76,97.08
47.71,9.69,93.4
47.82,10.02,88.2
47.8,9.63,95.1
47.7,9.83,91.5
47.82,9.8,88.7
48.05,8.97,98.09
48.19,9.28,90.28
48.02,9.23,89.58
47.95,9.38,102.08
48.09,9.22,87.48
48.12,9.08,105.48
47.95,9.03,97.88
47.86,9.24,93.08
48.15,11.45,86.2
48.09,11.66,83.1
48.17,12.84,86.7
48.14,12.79,102
48.21,12.88,91
47.64,13,105
47.61,12.91,106
47.87,11.48,69.5
47.65,11.37,82.3
47.56,11.43,75.9
48.08,11.96,93.2
48.82,11.09,172.4
48.37,12,102
48.3,11.84,80.4
48.53,11.81,105
48.3,11.66,83.2
47.48,11.06,83.9
47.94,10.83,89.5
48.07,11.03,116
47.72,11.96,93.7
48.28,12.35,103
48.24,12.53,99.7
48.36,12.51,98.1
47.97,11.63,84.2
48.5,11.36,104.11
47.74,12.12,74.5
47.8,12.29,87.6
47.98,12.05,93.8
48.06,12.22,91.5
48.07,11.25,94.9
47.78,12.45,106
48,12.41,91.5
47.67,12.47,74.3
47.73,12.66,73.9
47.7,12.4,93.7
47.82,11.3,99.8
47.83,11.17,90.1
48.76,13.18,109
48.77,13.59,111
48.63,11.78,114
48.95,11.68,87.1
48.55,12.26,108
48.57,12.17,96.7
48.59,12.23,107
48.64,12.27,101
48.47,12.27,106
48.51,12.42,120
48.65,12.33,94.4
48.45,12.11,96.9
48.52,12,97
48.72,13.33,134
48.54,13.35,113
48.67,13.47,120
49.04,12.99,142
49.01,13.22,105
48.44,12.57,112
48.24,12.98,94.5
48.48,12.84,115
48.38,12.96,103
49,12.59,152
48.94,12.72,111
49.07,12.71,112
48.63,12.86,94.3
48.74,12.76,115
49.04,12.1,87.7
49.31,11.78,94.4
49.27,11.93,96.78
49.5,11.74,111.2
49.61,11.81,114.2
49.1,12.48,115
49.2,13.05,128
49.36,12.61,123
49.16,11.73,96.08
49.29,11.62,95.6
49.75,11.82,132.5
48.84,12.19,83.3
49.25,12.3,105
49.2,12.06,97.4
49.54,12.12,109
49.51,12.55,95.1
49.4,12.14,103
49.81,12.44,116
49.98,12.44,131
49.88,12.34,109
50,12.3,113
49.94,11.6,144.1
49.99,10.85,352
49.85,10.5,424
49.89,11.11,335.2
49.97,11.03,354
50,11.2,117.3
49.85,11.62,100.1
49.77,11.41,111.7
49.87,11.78,150.9
49.87,11.33,127.2
50.32,10.9,240
50.33,11.1,226
49.78,11.19,104
49.65,11.24,124.1
50.38,11.78,95.23
50.34,11.6,97.6
50.19,11.8,99.7
50.22,11.94,111.9
50.48,11.39,151.17
50.4,11.38,112.17
50.23,11.56,112.4
50.07,11.09,336.7
50,12.07,112
49.32,10.57,400
49.44,10.17,1187
49.16,10.55,459
49.35,10.41,420
49.07,10.32,2270
49.2,10.31,2095
49.06,10.5,470
49.34,10.79,278
49.28,10.26,1181
49.62,10.83,272
49.52,11.27,107.8
49.63,11.56,112.5
49.45,10.33,1185
49.73,10.6,418
49.58,10.62,276
49.67,10.46,428
49.6,10.44,395
49.54,10.23,1186
49.32,11.12,261
49.13,11.11,180.8
49.02,10.74,195.6
49.02,11.13,197
48.95,10.91,188
50.04,10.21,772
49.77,9.96,864.9
50,9.17,1116
50.4,10,327.8
50.52,10.15,337
50.36,10.46,175.7
50.27,10.53,281
50.43,10.31,323.3
50.36,10.23,332
49.97,10.66,362
50.04,10.52,426
50.2,10.66,237
49.89,10.55,419
49.64,10.22,1022
49.83,10.2,753.2
49.78,9.38,1324.4
49.62,9.18,2054.5
49.72,9.21,2054.2
49.98,9.96,756
50.06,9.69,766
49.85,9.63,981
49.95,9.67,766
49.99,10.31,745.1
49.92,10.23,768
50.1,10.14,769
50.04,10,759.7
49.61,9.91,114
49.76,9.71,875
49.85,10.04,773
49.51,9.97,1168.7
49.88,9.84,759.5
48.35,10.88,125.4
47.72,10.34,86.4
48.46,10.82,147.8
48.17,10.6,108
48.4,10.61,185.9
48.49,10.44,200.6
48.57,10.5,190.2
48.46,10.26,648.2
48.37,10.3,501.9
48.38,10.44,165.8
48.27,10.47,161.2
48.43,10.15,659.1
48.34,10.04,656.9
48.3,10.17,513.5
47.6,9.88,85.8
47.95,10.54,103
48.03,10.72,104
47.7,10.52,77.4
47.7,10.8,76.1
47.77,10.62,92.8
47.85,10.41,82.2
48.03,10.34,96
47.99,10.21,114
48.04,10.49,85.1
48.96,10.61,475
48.78,10.7,75.5
48.84,10.85,190.8
48.85,10.51,470
48.87,10.73,180.5
47.49,10.39,82.1
47.56,10.23,85.8
47.4,10.28,84.6
47.64,10.13,96.7
49.23,6.92,2753
49.19,6.82,2745.9
49.42,6.77,2858
49.55,6.73,3037.4
49.43,6.58,3067
49.49,6.62,3044.1
49.5,6.51,5267.9
49.5,6.44,5260.8
49.54,6.89,2856
49.4,7.17,2864
49.39,6.9,2846.2
49.36,6.62,3048.6
49.26,6.69,2444.5
49.32,6.66,3049.1
49.28,6.79,2747.2
49.24,7.27,2847
49.15,7.22,2399
49.31,7.34,4475
49.55,7.25,3224
49.48,7.04,2858
47.57,10.96,71.5
47.47,11.18,85.5
47.64,11.75,83.7
48.24,11.55,81
48.08,11.37,87.2
48.83,13.78,143
48.93,13.46,64.6
48.58,10.42,203
48.46,10.49,193.1
47.56,10.74,86.2
47.46,10.08,63.8
53.83,8.76,67
52.45,10.94,72.6
52.1,10.87,91.3
53.44,9.91,72.2
53.38,10.11,66.2
53.03,11.31,65.9
51.95,7.53,77.99
51.83,6.54,71
51.82,6.94,73.1
52.02,8.59,62.16
51.96,8.37,62.16
51.63,9.29,371
51.7,9.28,355.6
51.57,8.12,637.6
51.48,8.23,640.9
51.49,6.96,740.4
51.27,6.37,522.2
50.91,6.41,11479.8
50.98,6.68,10987.2
50.59,6.66,19489.9
50.41,7.59,15992.5
49.21,7.11,2759
49.2,12.79,129
49.33,11.44,96.5
49.09,12.25,153
48.77,11.38,101.5
48.1,11.52,104
48.19,11.46,93.9
48.02,11.47,102
48.14,11.74,97.3
47.89,12.41,115
48.91,13.09,124
54.1,13.41,80.6
53.64,11.39,88
53.9,11.42,89.6
53.9,13.05,81.1
53.35,14.38,83.5
54.44,12.72,66.7
54.68,13.43,85.4
53.77,8.64,71.7
53.41,8.79,73.2
53.55,7.94,68.5
53.54,8.47,82.8
53.19,8.58,67
52.29,10.45,86.1
52.23,11.03,86.3
51.83,9.87,102.54
52.24,9.67,94.21
52.55,9.73,70.3
52.24,9.86,88.7
52.6,10.04,73.9
51.69,13.23,74.8
52.11,13.14,72.3
51.29,6.75,80.4
51.79,6.07,85.2
51.36,6.44,82.1
51.57,6.72,734.5
50.78,6.09,11784.8
50.71,7.12,18381.6
50.94,7.06,10989.1
50.72,6.4,11495.9
50.97,6.58,10996.2
50.89,6.87,10992
50.6,6.79,19486.1
50.67,6.76,19490
51.14,6.28,7916.3
49.55,8.59,2713.2
50.6,8.84,3013
50.81,8.53,3589.3
50.9,8.72,2304
51.23,9.27,0
50.86,9.48,0
51.11,9.12,1612
51.32,13.29,92.6
50.88,12.13,95.4
49.6,7.06,2860
53.03,13.99,84.2
52.87,14.15,77.2
52.21,14.12,69.5
52.07,12.67,69.3
52.28,12.61,67.2
52.92,13.73,78.1
53.14,13.03,71.4
53.16,12.2,81.8
52.53,14.37,77
51.51,13.98,72.5
53.1,13.64,119
51.27,12.67,98.5
51.27,13.89,79.8
51.29,14.85,70
51.55,13.01,103
51.49,14.63,70.3
50.98,12.52,106
50.8,10.26,309
50.96,10.71,134.7
51.2,10.44,170.6
51.5,10.81,105.57
53.29,9.5,70.6
52.96,7.27,89.5
52.52,7.31,59.2
53.28,10.73,68
52.1,8.75,106.3
52.17,9,101.96
51.47,8.71,500.2
51.18,8.49,3252.9
50.71,8.08,10971.6
50.94,8.01,6256.4
50.84,8.02,6672
50.55,6.25,20904
51.09,7.53,8212
49.21,8.18,2881.1
49.46,8.44,2718.2
49.36,8.14,3440.9
49.31,8.45,2720.8
48.98,8.14,3149.2
49.13,8.15,3142
48.83,9.2,6122
48.9,9.13,6455.9
49.04,9.12,6476
48.94,9.29,6452.4
49,9.11,6461
48.83,9.13,6471
48.95,9.45,6457.3
49.24,9.11,4903
49.16,8.99,6467
49.06,9.29,6469
49.1,9.39,6471
49.1,9.13,6461
48.6,10.25,660.6
48.95,8.39,3019.2
49.24,8.46,2876.4
49.23,8.51,2882.2
49.26,8.5,2885.6
49.16,8.42,3003.6
48.95,8.23,3006
48.86,8.2,3018.2
48.9,8.2,3004.4
49.51,8.49,2724.6
49.43,8.54,2727.6
49.37,9.02,2067
49.45,9.18,2084
49.35,9.13,2071
49.36,9.11,2052.2
49.39,9.09,2066
49.54,9.16,2067
49.4,9.27,2062
49.25,8.69,2894
49.34,8.8,2731
49.46,8.81,2741
49.25,8.88,4618.5
49.53,8.64,2722.9
49.33,8.98,2093
49.31,9.02,2081
49.05,8.85,6056
48.02,7.73,102.34
48.01,7.78,103.34
47.98,7.79,104.34
48.03,7.6,89.74
47.86,7.58,83.51
47.59,7.86,91.1
47.65,8.13,116
47.64,8.08,124
47.68,8.01,158.57
47.59,8.44,95.8
47.63,8.31,115
47.56,7.97,86.8
47.77,8.11,129.57
47.72,8.32,125.69
54.18,12.08,85.6
53.95,13.42,76.4
53.32,11.11,67.5
53.28,12.82,81.2
53.51,13.94,65.6
54.37,13.67,66.2
53.81,11.71,70
53.76,12.56,91
53.96,12.69,59.6
54.02,12.46,77.5
53.74,12.93,81.9
53.43,10.75,69.9
53.38,11.24,72.3
53.61,10.95,82
53.13,11.36,67.5
53.23,11.2,56.8
53.46,13.29,90.6
53.59,13.43,78.2
53.34,12.36,69.5
54.11,12.65,91.6
54.04,12.88,79.7
54.4,13.01,83.2
53.77,11.46,98.1
53.91,11.74,85.8
53.97,11.16,84.2
53.95,13.85,76.6
54.01,13.64,76.5
54.05,13.76,77
53.88,14.17,70.2
53.62,12.18,69.6
53.57,11.92,76.6
53.37,12.1,75.4
53.67,11.65,76.4
54.32,13.53,76.8
54.54,13.55,87.5
53.75,14.23,62.1
53.7,13.83,57.3
53.38,14.27,78
53.45,14.22,76.3
53.58,14.19,60
53.29,14.18,81.6
51.78,14.32,71.1
52.16,14.66,67.8
52.37,14.48,70.6
53.07,14.2,78
53.21,14.38,77.8
52.08,14.17,55.8
52.42,12.55,69.6
51.75,14.63,87.7
51.94,14.45,70.5
52,13.07,82.5
52.11,13.7,67
52.94,12.41,80.2
52.57,13.1,75.4
52.9,12.81,70.8
52.64,13.25,71.6
53.07,11.85,76.4
53.31,13.87,83.3
52.55,14.55,71.3
52.6,13.58,76.5
52.79,13.49,78.4
52.92,14.11,81
52.77,13.7,68.5
52.85,13.94,76.7
51.92,13.58,70.6
51.98,14.29,61.8
51.85,13.71,69.1
51.65,13.57,70
51.59,13.23,73.2
51.78,13.4,74.5
52.59,12.63,61.7
52.74,12.54,68.5
52.42,14.44,80.1
53.14,13.24,71
51.37,13.76,67
52.35,14.28,70.4
52.09,14.64,72.2
52.71,12.79,72.9
53.1,12.9,77.1
52.25,12.95,71
52.21,12.8,65.6
52.37,12.91,84.3
52.02,12.53,70.7
52.12,12.46,76
52.25,12.26,78.8
53.16,11.75,87.4
53.25,12.04,80.3
51.61,14.61,75.1
51.65,14.23,79.9
51.67,14.75,87.6
51.96,12.97,79.9
51.88,13.25,74.8
53.27,13.62,77.9
53.24,13.98,80.5
53.22,13.32,72.8
53.1,13.44,73.5
53.39,14,91.1
53.27,14.35,78.6
51.52,11.97,92.1
51.81,11.73,94.7
51.63,12.29,86
51.53,11.55,112
52.27,11.42,82.8
52.84,12.08,75.4
52.63,11.14,66.3
51.73,11.95,99.1
52.03,11.21,83.6
52.89,11.73,69.3
52.88,11.57,71.1
52.74,11.58,67.9
51.77,11.1,98.67
52.83,11.19,68.1
51.46,11.3,93.5
52.01,11.75,122
52.58,11.83,77
51.89,12.65,72.6
52.24,11.64,85.3
51.89,12.45,73.8
52,12.28,73.4
51.62,12.12,100
51.73,12.48,77.4
51.15,11.79,108
51.17,11.55,103
51.61,11.29,109
51.65,11.68,103
51.33,11.92,98.3
51.39,11.66,80.6
51.94,11.45,91.7
52.16,11.18,95.2
51.98,10.88,100
52.38,11.98,79
52.24,12.05,76.3
52.15,11.87,77.1
52.26,11.22,116
52.71,11.86,76.4
52.7,12.07,75.6
51.8,10.62,108
52.79,10.89,76.3
52.8,11.38,80.4
52.66,11.39,81.6
51.16,14.95,84.8
51.32,12.29,95.2
50.49,13.02,98.3
50.54,12.42,123
51.18,14.45,97
51.14,14.2,101
50.71,13.51,100
50.81,13.41,115
51.12,13.67,109
50.91,13.34,107
50.88,12.59,111
51.01,14.93,114
51.43,14.28,67.6
50.98,14.61,106
50.33,12.29,109
50.22,12.31,123
50.85,14.06,85.2
50.48,12.13,107
51.04,12.8,107
50.43,12.71,105
50.97,14.25,96.1
50.93,14.36,85.1
50.89,14.82,98.4
50.68,12.47,103
50.64,12.96,104
51.31,14.33,71.5
51.1,14.39,85.2
51.45,12.63,92.4
51.07,13.04,101
51.2,13.31,112
50.65,13.38,105
50.75,13.07,121
51.36,14.96,71.4
51.26,14.64,71.6
51.29,13.54,93
51.03,14.76,100
50.89,14.66,108
51.02,14.53,89.7
50.83,14.72,93.5
50.89,14.2,74.8
51.51,12.81,84.3
51.23,13.03,119
50.73,13.75,93.9
51.19,14.01,76.9
51.06,13.95,90.1
51.36,14.51,68.2
51.39,14.03,69
50.78,11.08,150.3
51.37,11.29,112
50.5,11.14,137.9
50.57,11.8,87.33
51.17,11.11,133.5
50.71,10.69,143.9
51.39,10.31,177.1
50.99,10.31,283
51.11,10.64,130.5
51.37,10.91,124.57
50.46,10.55,190.7
50.56,10.38,222.7
50.79,10.61,187.9
50.28,10.72,257
50.56,10.96,159.9
50.65,10.77,139.9
50.68,10.89,195.9
51.02,11.51,107
50.39,11,145.9
50.38,11.18,107.77
50.44,11.87,102.53
50.71,11.57,102.63
50.65,11.97,131.33
53.03,13.71,90.3
52.38,13.53,85
52.64,14.19,78.6
52.58,14.08,76.3
52.67,14.43,74.8
52.72,14.28,84.3
52.7,14.36,75.9
52.53,13.91,74.1
52.61,14.45,70.7
53.07,13.09,77.5
52.76,13.03,78.9
53.05,13.28,76.6
52.46,14.22,76.4
52.39,13.88,65.1
52.07,14.75,63.8
52.24,14.58,68.4
52.2,14.63,70.1
53.09,12.74,71.9
53.16,12.76,77.7
53.06,12.43,68.7
52.97,12.99,71.1
52.91,12.59,74.6
53.04,12.86,73.3
52.09,12.87,73.7
52.96,11.94,75
53.03,12.06,73.6
51.84,14.15,66
51.69,14.62,66.3
51.94,14.69,80
51.96,13.36,61.4
53.16,14.35,61.2
53.16,13.77,89.3
53.37,13.7,76.9
52.99,14.14,72.2
54.11,11.98,75.2
54.25,12.25,85.7
54.04,11.69,72
53.85,13.25,79.7
53.63,12.91,82.3
53.85,12.77,78.2
53.94,11.97,85.7
53.68,12.36,87.1
53.89,12.46,80.3
53.82,11.95,74
53.56,11.27,96
53.44,11.49,62.1
53.44,10.93,75.3
53.16,11.54,69.6
53.35,13.45,76.1
53.28,12.97,69.5
53.46,13.57,97.9
53.44,12.84,73.3
53.64,12.65,80.8
53.52,12.67,76.2
54.28,12.31,60.5
54.37,12.62,62.9
54.15,12.43,78.6
54,11.44,82.1
54.3,12.73,72
54.21,12.82,81
54.2,13.19,85.9
54.05,13.12,80.5
53.88,11.13,87.6
53.76,10.93,82.4
53.91,11.27,86.3
53.97,11.04,84.6
53.95,11.59,78.9
53.86,10.93,91.5
54.04,13.3,80.5
53.83,13.45,88.1
53.52,11.64,76.7
54.64,13.32,92.1
54.59,13.12,81.6
54.36,13.2,80.3
50.4,12.35,129
50.37,12.13,113
50.43,12.95,119
51.6,12.6,69.6
51.54,12.34,96.4
50.86,13.17,109
51.31,12.52,101
51.22,12.32,99.7
51.06,13.27,96.9
50.61,13.46,97.8
50.56,13.22,110
50.6,13.3,99.1
50.98,13.1,111
51.26,15.03,98.4
51.13,14.81,90.8
51.04,14.29,85.4
51.04,14.12,102
50.74,12.75,121
51.63,12.88,81.8
50.77,13.63,100
50.44,12.59,101
50.53,12.84,115
51.21,13.72,95.1
52.12,12.09,69.9
51.72,12.16,85.4
51.72,12.62,76.3
51.96,12.75,81.5
51.28,11.64,108
51.09,11.93,91
51.3,11.79,95.9
51.28,12.1,94.3
51.44,12.04,83.9
51.52,12.18,95.9
51.23,11.88,94.5
52.07,11.37,98.5
52.13,11.26,82.5
52.17,11.07,98
52.36,11.73,73.8
52.32,11.15,73.5
52.17,11.41,108
52.54,12.01,77.6
52.63,11.66,76.3
52.99,11.67,73.7
51.74,11.23,98.4
51.65,11.14,100.37
51.69,10.85,91.57
52.51,11.18,71.9
52.71,11.05,79.8
52.43,11.41,74.2
52.74,11.24,63.2
51.53,10.42,114.8
51.44,10.57,132.5
50.76,10.08,294
50.72,10.45,204.9
50.78,11.39,103.52
50.66,11.1,138.9
50.86,11.87,90.62
50.46,11.53,141.83
54.11,8.94,74.9
53.73,10.72,86.6
54.43,9.2,78.6
54.81,8.71,78.4
54.21,9.92,74.6
54.13,9.56,90.7
54.44,9.43,72.8
53.97,9.97,69.6
54.04,10.22,66.5
52.15,10.33,97.2
51.87,10.29,109.54
52.31,9.36,105.76
53.25,8.82,67
53.45,7.83,55.4
53.04,8.8,83.1
50.8,6.4,11499.2
50.97,6.28,11493.3
50.87,6.48,11487
50.92,6.68,10992.9
50.96,7.55,9316.9
52.04,7.1,68.04
52.1,7.23,67.54
51.76,7.4,445.3
52.32,7.79,80.64
51.25,7.64,8212
51.29,7.8,675.8
49.56,9.02,2052.6
47.96,7.8,94.14
48.38,9.95,668
48.5,10.17,652.4
48.95,11.43,100.4
48.83,11.59,101.5
48.88,11.25,102.5
48.23,11.27,67
48.17,11.08,85.7
48.7,11.54,76.61
47.85,12.01,95.5
47.8,11.02,82.6
48.94,12.05,92.6
48.89,11.83,92.15
48.5,13.31,78.5
48.62,13.19,107
48.45,13.09,101
49.43,12.34,147
49.5,11.05,257.2
49.43,10.97,287
50.32,9.77,90.7
50.09,10.46,414
50.11,10.33,773
49.99,10.11,774
49.91,10.02,772
48.31,10.71,131.3
48.19,10.83,91.1
48.46,10.67,131.3
48.73,10.54,195.1
48.64,10.6,202
48.66,10.4,200.6
48.44,10.39,185
48.12,10.16,99.6
48.16,10.39,85.4
48.74,10.95,180.4
48.66,10.82,119.6
52.47,13.15,69.4
52.63,13.5,76.5
52.48,13.41,80.2
52.48,13.54,79.6
49.32,8.5,2719
50.73,6.59,10980.9
54,8.88,72.4
54.1,9.16,62.3
53.9,9.13,79.8
54.76,9.19,64.3
54.51,9.31,67.9
54.62,9.18,57.5
50.49,6.44,22699.9
52.6,13.75,79.4
52.38,13.06,69.5
51.57,14.7,70.5
50.76,13.87,97.6
50.81,13.93,93.3
50.46,12.82,102
48.51,9.05,1017.7
52.56,13.31,68.7
52.55,8.59,63.9
53.7,8.98,65.9
53.82,9.29,76.6
52.69,9.05,66.3
52.5,8.92,73.8
49.39,9.97,1181
50.94,10.16,285
52.51,11.39,69.4
51.48,14.9,70.2
50.32,12.38,110
53.93,9.03,87.7
53.38,12.6,88.7
53.52,13,79.6
52.3,9.79,93.01
48.59,10.96,120.7
48.43,10.95,121.1
48,12.83,92.3
47.86,12.71,92.3
48.58,13.03,97.6
48.3,13.15,88.4
48.34,13.31,96.8
48.4,13.39,76.5
48.33,11.01,116.3
51.64,6.76,436.6
53.14,14.11,81
51.87,14.37,73.8
51.88,12.91,78
54.33,9.83,69.7
54.28,9.47,68.8
54.89,8.7,85.2
54.49,9.07,71.5
54.36,10.6,64.1
53.7,9.96,81
50.84,10.76,155.3
49.62,8.62,2741
49.65,9,2067
54.3,9.67,82.2
50.72,8.79,2426
48.99,9.71,2271
49.46,9.47,2074
50.16,10.2,772
51.75,13.97,70.2
51.41,13.44,81.7
53.17,8.98,62.9
53.23,9.1,72.6
52.23,9.38,98.46
54.45,12.55,74.1
53.68,13.24,78.6
52.82,9.31,56.7
52.76,9.61,62
49.48,8.62,2745
48.28,8.16,603
47.96,11.27,72.7
48.63,11.3,88.51
47.93,11.39,73.9
47.72,11.41,86.8
47.76,11.63,86.9
47.59,11.18,87.6
47.71,11.17,95.2
48.52,10.53,198.7
48.54,12.51,105
50.28,10.98,243
55.02,8.44,62.7
54.92,8.33,72.9
54.49,8.86,85.2
53.17,12.49,76.1
53.22,12.56,68.6
52.1,11.58,92.1
52.71,9.26,69.7
52.41,13.13,67.9
51.2,12.83,107
52.65,9.43,76.7
52.53,9.34,61.9
52.85,9.71,68.1
52.3,13.64,62.5
48.73,11.16,110.8
49.06,11.51,113.5
48.49,11.5,77.51
47.91,12.91,86.3
53.66,11.9,90.8
53.8,11.27,79.7
49.06,11.34,95
49.3,11.28,115.4
49.05,10.97,179.9
49.88,10.87,357
49.15,11.39,90.43
47.88,7.64,111.34
47.42,10.98,106
51.52,6.33,505
51.5,6.54,745.6
51.76,6.29,302.6
52.88,11.5,69.8
52.12,11.02,91.6
49.98,6.9,13909
52.69,13.78,83.8
52.76,13.89,86.5
52.4,11.1,80.7
48.1,10.66,98.1
47.91,11.84,89.4
49.24,10.97,218.5
49.15,10.82,221
49.93,9.35,1106.2
49.9,9.23,1102.9
50.19,10.85,243
54.33,8.6,61.5
51.85,6.24,80.9
49.82,8.84,3908.6
48.95,10.11,2267
53.69,9.16,55.8
53.38,9.21,65.1
47.67,9.5,82.8
47.95,7.65,106.34
51.53,13.39,69.4
48.19,12.35,104
54.44,10.17,81
54.79,9.67,77.5
47.93,12.23,103
48.64,13.64,92.1
48.91,13.26,122
47.69,8.68,88.99
49.45,10.64,288
50.26,10.16,107
50.21,10.32,529
50.09,10.8,355
50.29,11.27,108.1
50.02,11.51,138.1
50.09,11.45,154.1
50.1,11.8,162.9
50.03,11.64,119.4
49.65,11.94,105.6
49.1,11.81,86.25
49.58,12.42,113
54.61,8.97,64.4
54.43,10.31,78.3
54.16,12.25,78.6
50.97,11.09,136.7
53.24,7.45,65.2
53.1,11.56,69.2
52.55,12.77,74.7
51.47,13.61,74
52.79,11.74,81.4
51.37,13.01,110
48.7,10.24,660.7
48.96,8.56,3026
48.02,10.04,88.5
53.64,9.57,78.2
53.62,9.68,62.5
54.7,8.79,78.5
54.22,10.9,79.3
52.56,8.16,62.1
52.78,7.92,59.9
52.62,6.85,63
53.34,9.89,79.2
53.21,10.3,65.6
53.31,10.29,68.7
54.42,11.18,80.2
48.09,10.88,96.7
47.57,11.53,79.3
48.31,12.71,97.1
48.07,12.43,97.8
48.86,12.54,111
48.84,11.95,80.65
48.65,12.37,94.2
48.63,12.44,74
53.57,9.69,74.3
54.05,12.18,64.3
53.02,10.66,70.4
50.41,6.37,22702
50.79,12.87,97.2
50.36,6.87,19701
50.21,6.62,18608
49.63,11.03,263
49.51,11.46,108.3
49.74,10.97,279.5
49.77,10.82,300
52.18,10.53,81.7
52.68,7.24,67.6
52.29,10.46,74.1
54.57,9.96,79.2
53,13.48,73.6
52.31,13.31,74.5
52.17,13.47,87
53.71,9.65,70
48.38,11.26,82.2
47.95,11.09,94.9
48.66,11.96,107
48.86,12.91,134
48.37,12.25,110
49.4,11.75,96.9
48.96,12.39,89
49.21,12.53,131
53.67,9.81,62.7
54.53,11.06,79.7
53.83,13.68,75.9
53.67,14.19,67.4
52.87,13.41,73.7
51.05,13.47,97.6
50.03,6.6,13919
49.93,7.06,13898.8
49.02,8.7,3023
53.29,11.74,78.7
48.54,11.21,80.11
47.78,10.79,71.9
48.08,12.6,109
48.77,12.26,102
48.75,12.42,105
48.71,12.54,89.6
48.44,12.37,90.3
52.2,9.56,93.91
52.07,9.27,107.8
49.68,12.14,108
50.31,11.88,99.2
54.87,8.43,75.1
53.42,11.87,82.3
54.13,11.67,81.5
50.95,14.88,106
52.96,10.57,73.9
52.39,14.09,67.8
53.29,9.27,67.5
52.32,9.21,97.46
53.29,10.49,72.8
52.9,10.16,67.7
53.34,10.34,64.9
49.12,7.56,3244.3
48.36,11.81,80
50.85,7.5,9846.8
48.36,7.83,728
48.44,11.6,84.51
48.22,12,111
48.62,12.19,97.2
48.59,12.02,94.9
50.31,12.1,103
50.09,12.22,101
49.86,12.47,99.9
49.27,12.98,81.2
49.42,12.69,106
49.64,12.5,102
49.27,12.81,101
50.65,13.15,85.5
54.01,10.57,78.9
53.57,10.68,76.3
54.69,8.53,65.9
52.39,12.16,61.6
51.85,10.77,99.9
50.88,13.67,111
54.03,9.71,70.1
54.19,7.87,92.3
48.22,11.59,91.1
53.02,14.2,82.7
52.71,14.13,73.1
52.65,12.48,80.9
51.92,11.95,84.6
51.86,11.05,93.5
54.71,9.5,62
47.82,10.32,66.7
47.8,10.21,91.9
48.51,12.65,107
48.4,12.65,106
53.45,12.26,88.6
53.89,13.94,62.9
49.97,9.58,990
50.05,10.04,772
49.9,10.12,752.4
49.98,10.36,392.6
48.66,9.86,646.3
52.67,12.22,69.1
51.42,11.44,104
50.6,12.66,112
53.92,8.5,73.3
54.27,8.85,76.1
54.62,9.38,70.1
49.84,8.59,4117
48.61,7.83,706.9
47.73,12.86,100
48.57,13.49,112
48.6,13.79,90.4
48.7,12.21,103
50.18,9.8,111
50.17,10.08,764
50.14,10.03,780
50.02,9.89,757.3
50.14,11.08,340.6
50.15,11.33,121.5
52.28,11.85,75.6
52.12,13.91,51.1
50.88,13.91,105
53.77,9.88,62
53.52,13.74,78.1
49.84,8.11,5150
49.45,7.76,4478.1
54.75,9.89,84.6
54.4,8.99,87.7
53.4,8.12,67.5
53.26,7.27,65.9
53.45,8.44,74.9
52.47,10.2,80
51.8,9.68,97.42
53.25,10.46,74.3
52.9,10.44,69.7
48.26,11.67,65.9
48.55,10.64,129
48.35,10.59,158
48,12.64,75.4
48.6,12.58,96.8
48.66,12.08,107
49.52,10.81,290
49.48,11.96,121.2
52.24,14.41,56.1
52,14.07,69.8
51.54,11.14,102.57
52.52,12.25,97.7
52.37,12.38,76.6
52.41,12.7,77.2
51.83,12.18,76.7
49.15,9.19,6459.4
48.57,9.64,66.7
50.98,9.75,0
53.32,11.5,67.9
53.69,11.11,80.1
53.49,9.93,75
53.49,10.02,99.1
53.45,14.02,79.1
53.63,9.99,64.7
51.43,12.21,89.9
51.1,14.66,91.5
51.74,6.52,444
50.49,7.9,11007
49.76,7.06,13910
52.16,14.35,73.9
53.96,10.88,76.7
53.53,9.83,77.5
47.62,8.22,88.2
48.09,9.79,91.3
53.57,9.97,73.3
53.23,11.42,71.5
49.22,10.08,1923
53.5,10.84,69.3
54.52,13.16,78.4
54.16,13.77,65.7
51.93,9.47,112.3
54.5,10.27,46.9
51.53,14.38,73.2
51.79,8.84,374.6
47.94,8.51,127.85
48.26,12.22,97
48.01,8.09,130.43
52.79,12.76,76
53.62,10.33,68.4
52.76,12.35,70
52.06,13.5,62
51.48,13.12,86
50.39,8.54,4691
48.53,8.28,942
52.76,13.27,111
52.22,11.1,79.2
49.09,8.4,78.5
52.08,6.94,72.9
51.58,7.89,88
51.5,9.11,88.2
51.87,9.27,99.4
52.04,9.12,78.5
57,9.92,58.9
56.14,8.95,68
56.36,10.85,58
55.23,9.5,59.4
54.81,10.71,71
54.7,11.95,60.9
54.96,12.52,67.6
55.72,12.57,67.6
55.95,11.86,59.7
55.27,14.8,85.6
55.69,12.1,68.4
59,22.74,54.7
59.51,26.53,75.3
58.85,26.93,79.3
57.78,26.05,59
58,22.04,48
58.81,25.44,42
57.84,27.01,45
59.45,28.05,79
58.38,24.51,76.7
59.41,24.7,78.7
42.45,-2.33,110
40.92,0.75,110
42.59,-6.5,160
38.03,-4.07,120
41.42,0.75,120
42,-4.62,140
39.17,-1,170
39.33,-0.5,160
39.17,-5.07,200
42.58,-0.54,170
39,-1.01,150
43.12,-7.46,140
40.4,-3.7,200
36.7,-3.53,88
38,-1.17,130
39.55,2.62,140
39.5,-1.17,160
39.59,-3.05,170
40.63,-6.63,170
43.32,-1.95,110
43.48,-3.8,130
37.4,-6.02,130
41.82,-2.37,190
38.88,-6.75,110
36.02,-5.6,140
28.46,-16.25,110
40.35,-1.12,130
43.35,-5.87,100
60.16,24.95,138
60.18,24.94,154
60.21,24.74,122
60.13,24.49,114
60.39,25.3,138
60.29,24.87,136
60.37,25.13,105
60.46,24.81,138
60.45,26.23,209
60.44,26.05,123
60.49,26.55,188
60.63,26.21,166
61.2,26.05,116
61.5,25.69,118
59.98,23.47,109
59.83,22.97,123
60.07,23.66,135
60.04,24,123
60.24,24.06,101
60.41,24.37,133
60.53,24.24,125
60.74,24.77,145
60.39,25.67,130
60.64,25.32,130
60.81,23.62,115
60.99,24.5,123
61.08,25.02,115
61.18,24.57,139
60.89,24.29,118
60.99,25.49,143
60.87,25.27,150
60.8,25.74,128
60.74,26.07,143
61.35,25.28,151
60.93,25.97,156
60.44,22.26,157
60.44,22.27,116
60.45,22.23,140
60.59,22.91,152
60.87,22.41,108
60.8,21.41,133
60.89,21.69,138
60.55,21.37,204
60.84,23.06,109
60.39,23.13,111
60.3,22.31,113
60.19,21.9,123
60.23,21.38,142
60.07,22.49,128
60.16,21.57,133
60.1,19.94,162
60.25,20.38,191
60.21,19.62,124
61.51,23.79,156
61.37,24.66,122
61.68,24.36,134
61.77,23.08,137
62.01,23.03,122
61.5,23.04,114
61.32,22.93,132
61.98,24.07,99
61.88,23.73,122
62.23,23.77,117
61.27,24.04,127
61.08,23.56,127
61.13,21.49,122
61.2,21.74,160
61.1,21.83,138
61.28,21.58,138
61.48,21.81,100
61.36,22.63,123
61.25,22.36,131
61.46,22.02,117
61.7,22.02,121
61.99,22.26,121
61.05,22.35,129
61.86,21.51,108
62.24,25.74,122
61.91,26.14,115
62.39,26.44,118
62.26,25.17,112
61.87,25.2,110
62.41,24.81,110
62.97,25.24,112
62.88,24.81,128
63.12,25.09,121
63.07,25.86,114
62.78,25.81,113
62.62,26.32,110
60.87,26.8,169
60.88,26.34,172
60.74,26.83,164
60.72,26.46,158
60.49,26.92,187
60.57,27.2,181
60.74,27.68,166
60.49,26.73,192
60.58,27.71,151
60.29,27.19,183
60.51,27.47,169
60.75,27.34,173
61.06,28.21,119
60.9,27.53,159
60.96,28.54,171
60.83,28.01,132
61.06,27.81,99
61.3,29.21,127
61.55,29.5,123
61.1,28.5,122
61.68,27.28,122
61.91,27.86,116
61.99,26.65,99
61.53,28.18,123
62.02,27.22,99
61.42,26.46,117
61.5,27.25,99
61.87,28.88,99
61.75,29.4,112
61.92,29.29,106
62.17,29.2,104
61.75,28.56,99
62.06,28.3,84
62.29,27.15,130
62.19,27.83,104
62.42,28.62,106
63.09,21.62,159
62.78,21.19,112
62.97,22.03,120
63.35,21.33,158
62.42,22.18,117
62.11,21.92,111
62.79,22.83,113
62.97,23.04,102
62.49,22.76,122
62.6,22.37,108
63.25,22.85,130
62.55,24.1,98
63,23.81,118
63.69,22.73,143
63.85,23.13,87
63.56,23.71,125
63.52,24.67,84
63.9,23.92,100
62.88,27.62,140
62.63,27.11,111
62.86,27.21,99
62.81,28.5,98
63.49,28.31,72
63.21,28.08,89
62.93,26.42,114
62.49,27.72,106
63.08,27.68,98
62.31,27.9,105
62.79,30.16,94
62.1,30.14,88
62.72,29.03,89
62.85,29.37,99
61.9,29.82,100
62.2,30.62,102
62.48,30.62,107
62.54,30.23,103
62.32,29.6,101
62.67,30.94,80
62.22,30.3,88
62.76,29.86,96
63.3,30.96,74
63.56,29.1,99
63.31,30.04,101
63.24,29.26,137
63.66,28.87,113
63.56,27.19,126
63.65,26.62,96
63.37,27.39,98
63.67,27.53,98
65.01,25.49,120
64.56,26.85,130
65.32,25.37,103
64.81,25.99,88
65.59,25.2,77
64.81,25.42,81
65.01,25.49,95
64.69,24.47,95
64.08,24.54,90
64.25,23.96,103
64.14,25.37,108
63.75,25.33,95
64.1,26.34,123
64.35,26.29,112
64.22,27.73,125
64.11,28.42,97
64.51,28.3,87
64.12,29.52,91
64.88,28.92,76
65.22,29.47,78
64.87,27.68,139
64.65,30.05,76
65.97,29.17,88
65.36,26.99,99
65.65,27.7,77
66.31,29.15,80
65.69,29.37,78
66.51,25.72,97
66.51,25.67,110
66.1,28.17,89
65.93,26.49,74
66.86,25.46,83
66.35,26.84,81
66.09,24.82,74
65.74,24.58,79
66.71,27.43,103
66.83,28.66,85
67.11,27.52,70
67.3,28.16,72
66.93,28.9,69
67.76,29.45,100
67.42,26.6,66
68.1,27.11,70
67.65,24.92,59
66.8,24,87
67.15,23.98,70
66.37,23.69,95
67.96,23.68,68
68.39,23.62,84
68.45,22.5,77
69.06,20.8,80
68.66,27.54,87
68.64,27.57,55
68.88,27,69
68.9,28.42,68
69.67,29.11,89
69.95,27.01,66
69.4,25.86,70
68.42,27.43,68
69.1,27.25,68
68.48,28.46,81
68.69,25.96,75
48.88,2.13,1470
44.91,6.63,80
47.47,-0.54,90
44.84,-0.59,50
48.49,3.5,95.66
49.12,6.17,2900
49.77,4.72,37480
49.18,-0.38,31960
48.44,1.48,90
45.77,3.09,130
49.03,7.95,3270
51.03,2.37,214
46.81,1.69,110
47.33,5.04,90
45.19,5.73,70
44.21,0.62,90
45.77,4.84,80
44.94,4.89,70
43.94,4.84,70
43.67,7.2,80
43.13,5.94,60
44.18,5.28,120
47.83,6.8,160
42.69,9.45,140
48.96,4.37,445
48.13,-1.7,80
48.36,5.69,120
48.58,7.76,758
48.08,7.35,101.47
48.2,3.28,90
49.89,2.29,49070
46.16,-1.16,60
48,-4.11,140
43.49,-1.48,80
43.6,1.44,90
45.84,1.26,100
47.9,1.91,110
46.99,3.17,80
49.12,-1.1,121080
50.25,4.92,32660
46.15,5.61,70
44.1,6.24,90
47.4,0.69,80
46.58,0.33,90
49.38,3.32,12190
48.59,6.49,233.4
47.23,6.02,130
43.29,5.38,100
43.61,3.88,50
45.88,6.89,240
44.61,2.03,100
48.45,-0.15,60
47.22,-1.56,100
48.52,-2.77,70
43.89,-0.5,80
49.49,0.11,82570
49.92,1.08,62760
46.78,4.85,60
46.67,6.62,90
48,7.8,102.34
48.84,2.32,1420
48.89,2.24,1450
48.89,2.34,1380
45.28,7.95,100
46.04,4.07,140
45.03,3.09,120
45.04,3.88,130
46.34,2.6,180
47.06,2.35,80
45.57,5.91,70
47.62,6.15,120
48.24,4.7,132.16
44.01,1.36,90
50.35,3.51,49100
45.19,0.72,90
46.84,-0.49,100
45.55,2.31,120
44.1,3.07,100
50.72,1.6,281
47.49,3.91,100
48.01,0.19,80
47.66,-2.76,140
49.44,2.08,4460
43.61,2.23,100
42.7,2.88,140
45.65,0.16,70
49.11,7.07,2430
48.54,2.65,179
47.8,1.04,90
48.76,0.63,178.3
48.96,2.88,50
44.58,4.73,80
48.87,2.32,1410
43.68,7.22,90
45.73,5.08,80
49.23,5.67,5390
45.15,1.47,110
49.65,-1.47,101070
47.44,0.72,90
43.62,1.37,100
43.47,-1.53,70
50.57,3.09,5520
48.55,7.64,738
48.45,-4.43,110
16.25,-61.56,40
44.21,-58.02,90
48.73,2.38,116.3
41.92,8.8,90
43.13,5.91,60
49.65,-1.63,101070
48.41,-4.51,90
49.46,6.16,5270
48.68,2.17,106.3
43.84,4.36,80
48.84,2.38,1400
48.93,2.36,1420
49.66,-1.84,101110
48.84,2.25,1460
48.84,2.28,1410
48.83,2.24,1380
48.81,2.23,50
48.49,3.53,65.66
49.42,6.23,5300
51.02,2.14,194
49.98,1.22,62770
49.86,0.65,60770
47.91,7.57,81.91
47.23,0.18,100
47.73,1.6,100
47.74,2.54,120
49.54,-1.87,101080
50.11,4.8,35970
45.79,5.27,70
45.76,5.47,50
45.4,4.76,50
45.25,-0.68,50
44.1,0.86,70
44.15,4.71,80
44.31,4.74,70
44.63,4.75,80
50.09,4.79,35960
46.46,0.67,80
44.13,4.7,70
49.66,-1.84,101110
43.69,5.75,100
48.72,2.15,116.3
45.19,5.71,80
48.79,2.28,1430
47.58,4.87,70
48.39,4.67,92.16
49.68,-1.86,101120
48.36,-3.86,90
50.27,3.91,49090
52.79,-4.74,120
53.25,-4.53,90
52.76,-3.46,120
53.26,-3.51,110
53.81,-1.87,120
53.18,-0.52,100
53.09,-0.17,100
54.36,-0.67,100
53.77,-3.03,90
53.87,-0.43,100
54.3,-1.53,100
54.28,-3.38,100
54.93,-2.96,100
55.42,-1.6,120
54.09,-4.63,90
53.01,-1.25,110
52.65,0.57,90
52.12,0.96,110
51.55,0.83,110
51.76,-1.58,80
51.48,-0.45,110
51.35,1.35,110
51.13,1.35,145.8
51.15,-0.19,120
51.29,0.45,100
50.95,0.9,80
50.78,-1.83,640
50.82,-0.92,650
50.89,0.32,120
50.56,-2.43,90
49.43,-2.6,100
49.21,-2.19,90
51.24,-0.94,90
52.26,0.57,90
52.35,-0.11,90
52.48,-1.69,100
55.91,-4.5,100
58.24,-5.4,120
51.5,-0.14,110
51.41,-3.43,100
50.58,-1.3,640
53.84,-1.2,100
52.79,-2.66,100
52.61,-0.47,110
52.24,-2.88,110
52.35,-3.94,110
52.14,-4.57,130
51.71,-5.05,120
51.57,-3.98,90
51.5,-1.99,80
52.15,-2.04,120
51.09,-3.61,120
51.16,-1.75,100
51.01,-2.64,110
50.71,-3.5,140
50.36,-4.14,130
50.44,-5,120
50.22,-5.32,120
49.92,-6.29,140
55.02,-7.21,110
55.18,-6.15,100
54.65,-6.22,100
54.24,-6.5,100
54.4,-7.65,100
54.86,-4.93,100
55.5,-4.58,90
55.31,-3.2,110
55.71,-2.38,120
55.44,-5.69,100
56.38,-2.86,100
55.95,-3.35,80
56.33,-3.72,110
56.41,-5.47,120
56.72,-3.78,120
56.85,-2.26,110
56.87,-4.71,120
57.21,-2.2,110
57.21,-3.83,120
57.47,-5.87,120
57.54,-4.06,130
57.71,-3.32,100
57.86,-5.63,100
57.94,-4.41,130
58.45,-3.09,110
58.95,-2.9,110
60.14,-1.18,120
57.48,-7.37,80
58.22,-6.32,100
56.5,-6.88,80
40.86,25.95,63.6
37.63,22.76,62.9
38,23.82,61.3
39.62,20.85,74
40.92,24.62,83.5
38.12,20.51,50.2
39.61,19.91,63.2
41.13,25.41,75.5
38.87,22.47,46.2
39.65,22.46,76.9
39.05,26.6,63.9
39.92,25.25,85.6
38.05,23.75,41.5
38.15,21.42,47.8
35.57,24.17,3790
40.48,21.73,74.3
36.4,28.09,42.2
37.99,23.54,47.3
40.63,22.96,55.6
37.75,26.97,54.3
41.08,23.53,119
35.5,24.14,46.4
45.84,15.57,115
45.9,15.7,108
46.05,15.74,112
45.89,17.2,102
45.48,17.85,116
45.48,18.53,124
45.85,18.85,151
46.5,16.27,123
45.29,14.2,107
43.51,16.43,96
42.65,18.11,99
45.82,16.03,124
47.92,19.13,113
47.43,19.03,101
46.35,18.7,105
47.56,18.42,106
47.1,17.9,105
47.51,19.12,85.8
48.1,19.81,99.5
47.89,17.27,97.8
47.96,21.89,71
47.68,16.6,76.3
46.18,19.02,78.8
46.68,21.17,71.7
47.87,20.02,80.1
47.43,19.18,81.5
47.72,17.68,89.4
46.92,16.32,76.6
46.25,20.1,67.7
47.49,21.61,73.6
48.1,20.77,70.8
46.01,18.23,95.2
48.48,20.53,74
48.1,19.52,94.5
47.76,18.61,96.6
47.65,18.32,90
48.4,22.18,69.1
46.45,16.97,91.7
46.1,17.53,77.6
47.52,20.15,81.7
46.2,19.61,68.5
47.29,17.37,78.5
47.86,22.63,101
46.32,20.74,93.8
48.38,21.66,90.2
46.59,19.34,70.2
48.03,18.83,91.3
46.22,18.6,102
46.59,18.85,67.4
46.59,18.86,69.5
46.58,18.88,74.8
46.57,18.86,73.4
46.57,18.84,76.8
46.57,18.83,71.2
46.58,18.84,68.8
46.57,18.87,77.3
46.57,18.85,69
46.59,18.85,66.3
46.58,18.84,66.4
46.58,18.84,71.3
46.57,18.83,70.4
46.57,18.85,66.8
46.57,18.85,67.2
46.57,18.85,76.3
46.57,18.86,78.3
46.58,18.87,70.7
46.59,18.87,69.9
46.59,18.86,69.3
53.09,-7.89,73
51.94,-10.24,89
53.31,-6.44,77
54.18,-7.23,83
53.31,-6.25,117
51.85,-8.49,103
54.01,-6.38,106
52.67,-7.27,75
53.91,-8.82,76
55.37,-7.34,74
52.25,-6.34,79
52.68,-8.92,84
53.69,-6.32,87
52.23,-7.2,93
64.05,-21.5,51
43.89,7.6,113
44.22,9.72,95.5
44.39,7.82,81.8
44.73,7.32,119
44.73,8.87,81.9
45.13,8.45,88.7
45.19,9.16,98.7
45.54,10.21,95.1
45.72,8.69,117
46.18,9.98,122
46.07,12.41,87.8
44.42,12.2,77.6
43.52,11.57,87.8
43.31,10.52,86
43.05,10.89,71.2
42.44,11.21,94.3
43.34,12.91,58.7
42.98,13.36,88.6
42.72,13.01,89.7
42.56,12.41,103
42.62,13.16,90.5
42.2,12.88,123
41.47,13.18,147
42.46,14.21,83.3
42.36,13.73,105
42.09,13.36,138
42.01,14.86,67.1
41.81,14.37,103
41.74,14.85,99.7
41.06,14.55,124
41.01,13.95,106
40.11,15.23,101
40.89,16.77,67.2
40.71,17.34,84
40.39,18.3,76.6
40.49,16.16,85.8
39.99,15.72,102
40.51,15.49,131
39.33,16.45,163
38.51,16.32,114
45.74,7.31,89.9
45.89,11.04,78.9
55.58,26.61,58
55.69,26.46,58
55.52,26.44,58
55.63,26.38,58
54.73,25.1,58
55.71,21.14,58
55.93,23.31,58
54.39,24.05,58
54.85,23.85,58
55,24,58
55.6,26.32,58
49.66,5.91,14945
49.81,6.42,14099.7
50.12,6,17653
49.93,5.79,18139
49.5,6.27,5283
49.52,6.19,5287
49.49,6.35,5294
49.61,6.4,5291
49.61,6.12,5319
49.5,5.97,5343
49.48,6.08,5285
49.53,6.09,5297
49.85,6.1,17655
49.71,6.25,14100
49.97,6.05,17641
49.77,5.98,14315
49.62,6.27,5307
49.58,5.96,6065
57.13,27.27,102
55.87,26.53,91
56.96,23.83,110
56.51,21.02,136
56.76,24.32,107
57.53,25.42,114
56.5,27.34,95.2
57.25,22.59,109
55.88,26.54,105
55.73,26.54,104
56.16,21.17,85.9
56.86,24.35,110
57.75,24.36,112
56.86,26.23,113
57.39,21.55,127
35.88,14.51,80.4
53.05,4.8,120.3
52.93,5.05,118.6
52.88,4.76,114.1
52.78,4.68,115.5
52.78,4.9,125.5
52.61,4.63,116
52.67,4.84,121.6
52.42,4.65,124
52.24,5.08,109.8
52.69,5.28,129.6
52.58,5,128.4
52.44,4.85,117.2
52.01,4.74,122.7
51.82,4.75,111.5
51.75,4.37,123.9
52.03,4.43,135.3
51.94,4.49,123.1
51.88,4.45,123.3
51.96,4.03,134.5
51.93,4.24,133.9
51.82,4.13,144.5
51.81,3.86,123.4
52.11,5.72,123.3
51.97,5.68,118.6
52.34,5.63,114.5
51.97,5.32,130.6
51.96,5.57,124.1
52.01,5.11,129.8
52.23,5.96,120.9
52.97,5.91,113.5
53,6.29,131.6
53.19,5.99,118.4
53.1,5.47,136.7
53.03,5.65,121
53.27,5.61,126.8
53.37,5.9,137.4
53.22,5.79,120
52.48,6.11,123.2
52.52,6.43,114.3
52.57,6.61,112.8
52.97,6.57,115.2
52.8,5.7,123.8
52.5,5.53,125.8
52.66,5.62,125.6
53.41,6.87,132.2
53.41,6.68,131.9
53.26,6.93,126.3
53.15,7.02,121.1
52.89,7.05,124
52.98,6.97,112.7
53.18,7.2,122.5
53.1,7.14,109.6
53.22,6.59,125
53.36,6.38,134
53.26,6.31,122.4
52.69,6.22,115.9
52.72,6.5,111.4
52.67,6.7,115
52.71,6.87,129.5
52.66,6.96,110.5
52.79,6.89,130
52.28,6.78,117.7
52.25,7.01,112.2
52.31,6.92,127.4
52.46,6.62,112.8
52.3,6.5,116.6
51.87,6.26,111.2
51.86,6.5,127.7
51.94,6.47,120.9
52.04,6.62,134
52.27,6.18,126.8
51.58,4.66,148.8
51.7,5.3,139.7
51.69,4.88,163.5
51.54,4.79,154.8
51.44,4.93,223.6
51.66,5.63,174.1
51.69,5.78,214.5
51.76,5.52,167.3
51.48,5.55,261
51.32,5.37,218.7
51.4,5.47,258.2
51.39,5.71,354.2
51.58,5.19,203
51.53,5.01,200.6
51.47,5.27,213.3
51.49,5.14,195.5
51.55,5.99,347.6
51.6,6.06,349
51.41,6.03,354.1
51.29,6.07,351
51.29,5.76,357.7
51.09,5.97,7586.7
51.19,5.71,7582.8
52.17,4.48,122.5
51.29,4.06,126.1
51.31,3.86,123.8
51.31,3.39,125
51.45,3.56,125.6
51.52,4.3,121.11
51.59,4.46,121.41
51.49,3.91,132.9
51.66,4.09,124.9
51.69,3.71,112.1
51.59,3.58,113.7
51.52,4,126.8
51.5,3.59,127
51.53,3.44,116
52.24,4.44,124.5
50.98,5.78,11825.9
50.85,5.67,9846.8
50.77,6,11829.2
50.77,5.87,11828.4
50.88,6.06,11836.8
50.93,5.92,11831
51.7,5.97,228.7
51.92,5.84,131.1
51.94,6.07,121.5
51.83,5.79,123.5
52.32,4.88,122.6
52.27,4.78,121.6
51.48,4.47,117.81
51.77,5.93,226
52.41,6.78,116.8
52.15,6.72,117.1
52.1,4.27,126.8
51.8,5.24,121.1
51.32,3.62,127.5
51.44,3.6,148
51.47,3.68,122
51.47,3.74,123.5
51.41,3.79,132.4
51.51,3.74,121.4
51.47,3.82,133.5
51.41,3.89,138.1
51.33,3.68,126.6
51.38,3.6,125.2
51.42,4.18,133.31
51.36,4.39,113.61
51.29,4.16,137.01
52.39,7.01,113.1
51.97,6.78,117.7
52.12,5.2,111.9
51.29,5.55,263
78.27,15.49,60
71.03,27.83,80
70.67,23.67,80
70.37,30.91,60
69.65,18.94,70
69.46,30.04,50
69.61,25.3,60
68.8,16.54,100
67.27,14.39,90
66.31,14.14,90
65.46,12.22,60
64.25,12.38,110
63.41,10.47,90
62.76,7.21,70
62.07,9.12,90
61.89,12.05,80
61.45,5.85,120
60.82,11.07,90
60.58,8.41,110
60.38,5.33,100
59.98,11.05,110
59.94,10.72,120
59.61,7.86,80
58.96,5.73,130
58.99,10.03,130
58.56,8.98,90
58.12,6.57,100
54.52,18.55,101
52.3,20.98,85
50.07,19.97,88.7
53.4,14.67,90.2
53.13,23.17,65.5
49.57,22.18,82.2
51.11,17.06,71
54.18,16.2,67.8
53.8,20.53,96
51.93,15.5,78.2
51.77,19.43,62.4
53.02,18.6,73.8
53.78,21.58,106
52.75,15.28,98
53.92,14.25,92
51.2,16.2,105
51.55,23.37,73
49.3,19.95,101
49.47,22.35,105
52.28,20.97,86
54.52,18.55,87
38.77,-9.13,96.8
37.95,-8.84,84.2
37.04,-7.95,89
39.29,-7.42,154
40.41,-7.56,213
41.8,-6.74,86.1
41.14,-8.6,171
40.21,-8.41,108
32.64,-16.89,82.2
38.89,-7.15,134
47.79,22.88,59.5
47.06,21.92,78.4
46.54,24.57,49
46.78,23.6,81.9
45.76,21.24,89.6
45.43,25.45,94.5
45.66,25.61,70
44.64,22.67,63.7
44.33,23.81,74.9
44.85,24.88,49.7
44.17,28.64,51.8
45.18,28.81,79.1
45.44,28.04,67.2
45.15,26.82,68.6
47.64,26.26,81.9
47,25.97,63.7
47.18,27.58,49
46.57,26.92,46.9
44.43,26.12,84.7
43.78,23.95,59.5
44.9,29.61,52.5
44.35,28.05,57.4
47.65,23.59,65.1
43.67,25.37,63.7
46.95,26.38,56
46.19,21.33,88.9
44.94,26.04,77.7
45.7,27.19,74.9
46.08,23.58,48.3
44.21,27.34,63
45.29,21.89,82.6
47.75,26.67,45.5
46.64,27.74,50.4
45.79,24.14,74.2
46.37,25.81,109
44.57,27.38,66.5
44.33,28.05,100
44.56,27.37,80
44.31,28.05,80
44.24,27.93,90
44.39,28.07,100
44.34,28.03,100
44.35,28.22,110
44.32,28.07,90
44.19,27.32,100
44.31,28.06,90
44.24,28.27,90
43.85,28.6,100
44.33,28.04,100
44.32,28.05,90
44.39,27.84,90
44.32,28.06,90
44.32,28.06,100
44.36,28.53,90
44.35,28.04,90
43.78,24.18,80
43.79,23.94,90
43.82,23.9,90
43.83,23.89,90
43.86,23.76,90
43.88,23.71,90
43.88,23.66,100
43.89,23.55,100
44.32,23.79,100
44.31,23.87,80
44.44,26.1,80
58.93,17.54,117
65.67,21.01,80
60.07,18.09,112
59.27,12.04,80
56,14,97
60.68,17.18,192
60.14,13.77,87
65.81,15.09,81
61.86,12.69,69
68.42,18.12,51
67.87,20.26,78
57.67,12.27,29
55.59,13.03,85
61.01,14.54,93
62.25,17.33,97
59.28,15.16,115
66.39,23.65,79
57.24,12.13,97
64.75,20.96,82
55.34,13.3,85
59.36,18.04,85
63.32,12.11,58
63.24,14.49,85
66.91,18.55,76
63.82,20.26,93
57.66,18.36,85
56.92,18.16,57
46.37,16,51
46.09,14.59,68
46.22,14.47,80
46.23,15.26,66
45.87,13.9,59
46.06,14.34,67
46.62,15.68,79
46.68,16,68
46.07,14.55,52
46.14,15.08,49
45.94,14.51,55
45.86,15.69,48
46.22,14.61,49
45.56,13.74,61
46.55,16.46,63
46.24,15.22,63
46.3,15.49,65
45.95,15.2,107
46.54,15.64,59
46.48,15.68,65
46.12,14.44,69
46.61,15.16,69
46.32,14.95,56
45.96,13.65,60
45.86,15.46,54
46.16,15.6,70
45.99,14.03,58
46.42,15.85,76
46.64,16.05,65
46.45,15.33,66
46.35,13.92,69
45.98,13.66,44
46.16,14.33,60
46.14,15.04,56
46.13,15,52
45.94,15.51,80
46.55,16.46,70
45.58,14.14,80
46.33,13.55,102
45.56,15.15,137
45.56,14.86,152
46.38,13.85,149
46.3,14.53,121
46.37,14.17,124
46.07,15.28,118
46.07,14.51,131
46.56,15.65,124
46.65,16.19,119
45.9,13.62,103
45.8,15.18,115
45.48,13.62,108
45.77,14.19,125
46.5,13.71,123
46.24,15.64,115
46.49,15.11,139
46.36,15.11,119
45.91,15.6,76
45.9,15.52,86
45.95,15.5,65
45.94,15.51,69
45.92,15.5,75
45.93,15.57,73
45.94,15.47,77
45.95,15.51,61
45.96,15.5,70
45.94,15.55,74
45.91,15.55,81
45.94,15.53,63
45.91,15.52,65
48.17,17.12,94.8
48.48,17.67,143
48.62,17.83,121
49.23,18.62,90.5
48.28,18.13,102
48.22,18.47,105
47.87,18.2,73
48.77,18.6,110
48.18,18.83,126
48.95,19.6,124
49.37,19.68,115
48.33,19.73,94.7
49.15,20.25,147
49.12,20.07,90.4
48.85,20.18,98.2
49.33,20.32,115
48.78,20.98,131
48.7,21.27,71.7
49.22,21.65,103
48.65,21.72,73.7
48.93,22,84.3
39.64,27.9,180
39.32,26.69,190
38.51,42.28,120
40.73,31.6,80
40.15,26.41,120
37.91,40.23,60
41.67,26.57,90
41.9,26.71,100
41.27,26.69,100
40.85,26.63,100
38.64,39.26,70
37.05,37.4,40
40.91,38.38,100
40.46,39.48,140
37.3,44.58,90
37.57,44.28,100
36.58,36.14,40
36.07,32.86,50
41.03,28.76,80
38.39,27.08,70
40.61,43.1,120
40.38,43.41,190
40.33,42.59,160
40.75,43.63,90
41.39,33.78,50
41.98,33.76,70
41.74,27.22,140
41.95,27.17,70
41.41,27.35,70
37.58,36.95,40
37.31,40.74,90
36.84,28.39,40
37.3,27.78,80
37.33,28.1,70
41.13,37.29,100
41.18,40.89,90
40.76,30.39,80
41.35,36.25,80
37.93,41.94,100
42.03,35.15,60
40.98,27.5,70
41,39.72,80
37.4,38.8,40
37.75,39.33,90
38.47,43.35,80
39.14,43.9,100
38.99,43.76,100
38.05,44.02,150
41.45,31.78,80
40.26,40.23,110
37.88,41.15,90
37.52,42.46,80
41.11,42.7,130
39.92,44.05,60
40.03,44.08,80
39.88,44.52,90
40.09,43.44,80
39.97,44.17,80
40.08,43.77,90
41.19,32.61,70
36.99,35.3,70
38.8,38.28,50
39.73,43.06,150
39.55,44.08,80
40.66,35.83,70
39.91,32.74,60
36.89,30.69,50
36.55,31.98,80
36.2,29.65,40
41.18,41.81,130
41.4,41.43,60
37.86,27.27,110
