47.63,16.63,84.11
47.11,16.46,103.66
47.85,16.54,94.03
47.84,16.93,82.93
47.24,16.32,106.16
51.49,14.63,72.48
47.06,16.32,77.68
47.77,16.77,76.58
46.94,16.13,84.94
48.09,17.07,96.9
47.6,16.39,79.53
47.41,16.42,76.96
47.74,16.4,78.48
47.96,16.84,85.41
47.5,16.5,80.36
47.29,16.21,77.08
47.7,16.91,103.33
47.81,16.68,72.41
47.37,16.12,110.16
47.3,16.45,87.88
47.16,16.17,88.21
47.72,15.78,98.53
48.08,15.92,83.93
46.55,13.71,105
46.96,14.8,98.58
46.62,13.69,140.33
46.59,14.8,79.4
46.59,14.64,101.33
46.72,14.1,91.04
46.54,14.31,113
46.57,13.91,80.28
46.96,14.41,84.25
46.91,13.53,99.91
46.87,14.29,123.16
47.04,12.85,94.3
46.63,13.36,90.35
46.61,14.32,90.18
46.87,14.12,99.16
46.67,13,92.53
46.64,14.94,99.05
46.75,12.97,108.66
46.93,13.2,91.64
46.68,13.98,89.01
46.71,13.64,133.33
46.8,13.7,96.06
46.55,14.06,78.54
46.77,14.83,91.09
46.7,14.87,96.99
46.75,14.34,98.55
46.8,13.5,113.5
46.87,14.47,92.69
46.61,14.04,98.06
46.61,13.85,86.96
46.63,14.15,92.44
46.66,14.62,85.65
46.87,12.88,101.58
46.83,14.82,92.56
47.06,13.62,139.5
46.79,14.96,141.5
46.6,13.67,105
48.7,15.32,95.55
48.02,16,92.01
48.12,14.87,81.38
47.51,16.04,109.33
48,16.25,67.7
47.95,16.11,76.95
48.03,16.78,87.26
47.96,16.4,85.28
48.65,15.82,86.75
48.31,16.69,79.34
47.68,15.94,76.23
48.76,14.97,130.5
48.57,14.96,152.33
47.8,16,107
47.88,15.89,79.78
48.11,14.57,108.33
48.15,16.94,109
48.03,15.77,99.36
48.87,15.12,135.33
48.29,15.69,94.61
48.56,16.08,92.38
48.66,15.66,89.29
48.3,16.32,73.78
48.36,16.33,73.18
48.42,15.62,97.13
48.73,16.39,90.81
48.47,15.7,100.5
48.02,15.6,77.18
47.86,15.03,85.96
48.11,15.34,95.56
47.97,16.6,123.83
48.23,15.33,79.11
48.57,16.61,106.16
48.08,16.3,68.76
48.2,15.91,106.33
47.73,16.09,78.98
47.88,14.82,95.63
48.42,15.22,85.59
48.12,16.27,91.25
47.91,16.39,91.06
48.67,16.63,102.96
48.85,15.49,120.83
48.75,15.96,99.28
47.85,15.56,75.6
48.2,15.62,81.25
48.21,15.63,100.91
48.17,14.53,90.51
48.01,15.17,94.85
48.79,15.07,141.5
48.14,16.48,67.29
48.39,16.22,75.03
48.33,16.05,72.93
48.81,15.28,109.16
47.96,14.78,98.06
47.84,16.25,77.01
47.82,16.23,75.28
48.11,15.61,78.78
48.38,16.52,87.74
48.18,15.09,101.46
48.55,16.76,102.93
48.6,15.16,91.15
48.71,16.13,82.73
48.28,16.91,84.99
48.83,15.72,125.16
48.67,14.84,152.83
48.56,16.37,80.43
48.12,16.62,77.75
47.81,15.25,93.73
48.52,15.49,100.46
48.33,15.34,95.78
48.18,16.08,100.01
48.25,13.23,82.51
47.71,13.63,79.91
48.03,14.21,99.59
48.26,13.04,84.46
47.81,13.77,75.3
48.31,14.02,89.4
48.49,13.74,77.39
48.21,14.48,94.93
47.99,13.4,91.14
48.51,14.5,89.7
47.92,13.79,72.88
48.23,14.85,122.5
48.23,13.83,83.48
47.85,13.96,89.74
47.56,13.65,76.56
47.9,14.12,85.14
48.32,14.28,103.16
48.05,14.13,107
48.08,13.88,97.16
48.31,14.31,65.33
48.19,14.11,71.91
48.1,13.15,85.85
47.87,13.33,84
48.48,13.56,91.06
48.48,13.99,95.28
48.27,13.73,95.95
48.32,13.33,98.79
48.46,14.22,91.38
48.03,12.89,102.83
48.26,14.21,73.89
48.25,14.64,91.71
48.35,14.54,172.66
48.21,13.48,98.91
48.57,13.99,94.01
48.56,14.65,122.33
48.46,13.43,99.33
48.04,14.41,69.55
48.24,14.25,67.3
48.44,14.78,140.83
48.68,13.9,100.73
48.01,13.65,74.63
48.16,14.02,83.93
47.85,14.68,90.86
48.11,13.67,99.31
47.72,14.33,81.1
48.52,14.29,92.55
48.37,13.57,99.08
47.82,13.72,121.83
47.56,13.34,84.63
47.17,13.1,100.66
47.42,13.23,81.04
47.23,12.83,86.66
47.6,13.17,75.73
47.69,13.1,76.83
47.22,12.18,97.88
47.99,12.96,80.63
47.58,12.7,99.69
47.28,12.48,96.88
47.39,13.46,100.7
47.22,12.99,85.86
47.42,12.85,88.64
47.79,13.05,77.7
47.77,13.37,81.43
47.35,13.2,72.54
47.1,13.64,103.33
47.9,13.1,99.41
47.05,12.96,202
47.13,13.81,98.74
47.29,12.96,89.53
47.84,13.26,82.79
47.79,12.97,102.5
47.48,13.19,77.44
47.33,12.8,109.16
47.81,13.11,85.94
47.25,13.56,106.83
47.13,12.63,167.5
47.33,12.74,111.66
47.54,15.24,89.33
47.59,14.46,90.45
47.61,13.78,90.04
46.89,15.98,122.83
47.36,15.69,116.33
47.41,15.26,90.66
46.75,15.83,100.03
46.82,15.21,124.66
46.95,15.89,128.5
47.44,16.06,82.31
47.27,15.32,111.66
47.05,16.08,88.03
47.1,15.71,83.78
47.14,15.35,102.66
47.08,15.45,128.16
47.07,15.44,125.33
47.44,13.9,86.38
47.28,15.97,101.83
47.61,14.74,84.21
47.17,14.66,115.16
47.44,15.29,116.66
47.51,15.45,115
47.22,14.83,87.91
47.55,15.56,94.48
46.85,15.54,117.66
46.78,15.54,95.51
47.37,15.08,81.36
46.98,15.33,90.65
47.57,14.24,83.78
47.4,14.82,86.91
47.11,14.18,114.83
47.61,15.67,84.86
47.67,15.57,94.26
47.07,14.43,98.8
47.07,14.7,98.85
47.2,14.28,117.5
46.69,15.99,108
47.46,15.71,151.83
46.87,15.5,110.16
47.49,14.48,74.6
47.34,15.01,84.98
47.39,13.68,73.63
46.69,15.64,109.83
47.89,14.23,108.5
47.43,15.01,87.06
47.2,14.45,119.5
47.05,15.15,106.33
47.4,15.89,81.13
47.22,15.63,91.83
46.72,15.27,126.83
47.66,14.99,74.41
46.93,15.66,96.73
47.71,14.91,136.16
47.19,15.49,142.66
47.12,14.19,133.66
47.36,14.47,107.16
47.35,14.03,121.33
47.56,14.01,111.5
47.4,10.92,98.4
47.29,10.44,77.18
46.97,10.19,111.83
47.23,10.74,78.81
47.26,11.41,79.43
47,12.65,108.5
47.58,12.17,82
47.14,10.57,106.66
46.83,12.76,93.03
47,12.54,99.3
47.53,11.71,86.43
47.2,10.9,116
47.49,10.72,87.65
47.13,10.27,100.61
46.92,12.33,103.83
47.52,12.43,89.45
47.35,11.71,112.83
46.75,12.42,117.16
46.97,11.01,110.33
47.09,11.47,101.18
47.55,10.66,88.33
47.49,12.06,77.31
47.21,11.99,101.25
47.42,12.36,138.83
47.47,11.47,96.66
47.38,9.9,81.5
47.16,9.82,86.16
47.5,9.75,75.28
47.41,9.75,75.96
47.24,9.6,86.33
46.99,10.03,93.01
47.34,9.64,92.3
47.13,10.09,90.84
47.43,9.66,74.99
47.36,10.19,83.5
47.25,9.91,86.53
47.09,9.88,89.58
47.52,9.91,84.68
46.93,10.05,115.66
47.05,9.76,104.16
47.51,9.78,81.68
48.21,16.39,72.48
48.17,16.36,79.86
48.21,16.27,78.96
48.26,16.48,94.04
48.2,16.41,92.2
46.87,11.03,155
46.93,10.88,202
47.32,11.57,90.79
47.51,10.46,88.71
46.86,12.79,121.83
47.26,11.35,85.11
47.16,10.21,136.83
47.54,7.58,136
46.87,9.53,129
46.25,6.12,127
46,8.96,135
47.04,8.3,127
47,6.95,116
46.53,9.88,170
46.22,7.34,144
47.38,8.57,129
47.43,9.4,130
48.97,14.47,136
49.75,13.38,96
50.21,15.84,124
49.19,16.6,123
49.84,18.28,125
50.07,14.42,98
50.97,14.52,119
50.37,12.62,149
50.23,17.18,110
48.73,14.73,145
50.67,15.85,109
49.05,18,104
48.8,16.73,116
49.95,17.92,136
49.5,18.53,103
50.08,12.4,117
50.2,12.92,148
49.67,12.67,134
50.38,13.33,115
49.07,13.62,158
49.47,13.83,140
50.68,14.03,126
50.47,14.17,118
50.1,14.25,135
50.02,14.45,124
49.2,14.33,142
50.77,15.02,129
49.58,15.08,144
49.18,15.47,148
50.67,15.75,141
50.18,15.83,94.19
49.1,16.13,95
48.88,16.08,119
49.65,16.95,136
49.15,16.7,126
49.77,17.55,143
49.32,17.57,131
49.68,18.12,133
49.55,18.45,141
49.55,18.21,115
49.35,16.42,144
49.9,14.58,133
49.59,17.25,135
49.23,17.67,145
49.4,15.56,177
48.86,17.14,108
59,22.74,57.29
59.51,26.53,77.3
58.85,26.93,76
57.78,26.05,64.3
58,22.04,52
58.81,25.44,48
57.84,27.01,41
59.45,28.05,80
58.38,24.51,80.3
59.41,24.7,85
60.16,24.95,133
60.21,24.74,123
60.13,24.49,93
60.39,25.3,183
60.29,24.87,87
60.45,26.23,208
60.44,26.05,125
60.49,26.55,213
61.2,26.05,115
61.5,25.69,122
59.83,22.97,107
60.07,23.66,185
60.04,24,98
60.41,24.37,128
60.48,24,103
60.74,24.77,160
60.64,25.32,122
60.81,23.62,130
60.99,24.5,138
61.08,25.02,124
61.18,24.57,152
60.89,24.29,131
60.99,25.49,146
60.87,25.27,161
60.8,25.74,133
60.74,26.07,154
61.35,25.28,163
60.93,25.97,170
60.44,22.26,163
60.45,22.37,117
60.44,22.27,122
60.45,22.23,153
60.59,22.91,145
60.87,22.41,111
60.46,22.16,105
60.54,22.36,97
60.8,21.41,120
60.89,21.69,145
60.55,21.37,215
60.84,23.06,132
60.39,23.13,130
60.2,23.13,83
60.3,22.31,115
60.19,21.9,143
60.23,21.38,141
60.07,22.49,127
60.16,21.57,158
60.1,19.94,137
60.25,20.38,165
61.37,24.66,133
61.68,24.36,141
61.77,23.08,139
61.5,23.04,132
61.32,22.93,145
61.98,24.07,103
61.88,23.73,123
62.23,23.77,121
61.27,24.04,130
61.08,23.56,136
61.13,21.49,122
61.2,21.74,169
61.1,21.83,147
61.48,21.81,98
61.36,22.63,129
61.25,22.36,90
61.46,22.02,125
61.7,22.02,113
61.99,22.26,125
61.05,22.35,136
61.86,21.51,60
62.24,25.74,126
61.91,26.14,116
62.39,26.44,126
62.26,25.17,123
61.87,25.2,120
62.41,24.81,121
62.88,24.81,137
63.12,25.09,126
63.07,25.86,119
62.78,25.81,112
62.62,26.32,118
60.87,26.8,168
60.74,26.83,152
60.72,26.46,143
60.49,26.92,185
60.57,27.2,158
60.74,27.68,185
60.58,27.71,152
60.29,27.19,167
61.06,28.21,135
61.19,27.69,107
60.9,27.53,137
60.96,28.54,152
60.83,28.01,110
61.06,27.81,100
61.55,29.5,115
61.1,28.5,63
61.68,27.28,93
61.91,27.86,87
61.41,26.88,112
61.99,26.65,62
61.42,26.46,97
61.5,27.25,92
61.87,28.88,55
61.92,29.29,87
62.17,29.2,83
61.75,28.56,82
62.06,28.3,72
61.56,29.07,108
62.29,27.15,123
63.09,21.62,160
62.78,21.19,114
62.97,22.03,132
63.35,21.33,170
62.27,21.39,107
62.42,22.18,88
62.11,21.92,120
62.49,22.76,123
62.6,22.37,112
63.25,22.85,92
63,23.81,124
63.69,22.73,82
63.85,23.13,88
63.56,23.71,125
63.52,24.67,62
63.9,23.92,102
62.88,27.62,108
62.94,27.67,112
62.86,27.21,87
62.81,28.5,85
63.49,28.31,57
63.21,28.08,77
62.97,28.49,78
62.76,28.04,73
62.63,26.84,75
62.93,26.42,68
62.31,27.9,45
62.42,28.62,93
62.19,27.83,85
62.61,29.77,97
62.79,30.16,73
62.1,30.14,72
62.72,29.03,65
62.85,29.37,78
61.9,29.82,100
62.2,30.62,57
62.48,30.62,80
62.54,30.23,70
62.43,29.98,80
62.32,29.6,82
62.67,30.94,65
62.93,31.28,50
62.22,30.3,68
63.31,30.04,85
63.24,29.26,108
63.66,28.87,82
63.56,27.19,103
63.65,26.62,133
63.37,27.39,82
63.75,27.02,73
63.87,27.44,82
65.74,24.58,53
65.84,24.18,97
66.09,24.82,60
65.64,25.06,77
64.56,26.85,133
64.76,26.38,80
65.32,25.37,95
65.02,24.74,72
65.59,25.2,72
64.81,25.42,68
65.01,25.49,82
64.69,24.47,65
64.08,24.54,80
64.25,23.96,43
63.75,25.33,82
64.3,25.87,92
64.35,26.29,87
64.22,27.73,73
64.11,28.42,83
64.19,27.01,75
64.51,28.3,68
64.12,29.52,78
64.88,28.92,62
65.22,29.47,73
65.23,28.42,58
64.65,30.05,67
65.97,29.17,67
65.36,26.99,68
65.65,27.7,73
66.31,29.15,75
65.69,29.37,53
66.51,25.72,75
66.51,25.68,87
66.1,28.17,73
65.93,26.49,80
66.86,25.46,78
66.35,26.84,73
66.23,28.23,60
66.71,27.43,100
66.83,28.66,58
67.11,27.52,80
67.3,28.16,57
67.01,29.02,47
67.76,29.45,85
66.75,28.12,58
67.65,24.92,62
66.8,24,85
67.15,23.98,52
66.37,23.69,100
67.96,23.68,48
68.39,23.62,90
69.06,20.8,57
68.66,27.54,77
68.64,27.57,65
68.88,27,55
68.91,25.67,45
69.4,25.86,52
68.42,27.43,78
69.1,27.25,45
68.48,28.46,77
68.69,25.96,97
52.79,-4.74,110
53.25,-4.53,100
52.76,-3.46,110
53.26,-3.51,110
53.81,-1.87,120
53.18,-0.52,100
53.09,-0.17,100
54.36,-0.67,100
53.77,-3.03,90
53.87,-0.43,110
54.57,-2.41,110
54.3,-1.53,110
54.28,-3.38,100
54.93,-2.96,100
55.42,-1.6,140
54.09,-4.63,110
53.01,-1.25,110
52.65,0.57,90
52.12,0.96,120
51.55,0.83,100
51.76,-1.58,80
51.48,-0.45,130
51.35,1.35,100
51.13,1.35,100
51.15,-0.19,130
51.29,0.45,100
50.95,0.9,80
50.78,-1.83,100
50.82,-0.92,120
50.89,0.32,120
50.56,-2.43,100
49.43,-2.6,90
49.21,-2.19,90
51.24,-0.94,100
52.26,0.57,90
52.35,-0.11,100
52.48,-1.69,110
55.91,-4.5,90
58.24,-5.4,120
51.5,-0.14,100
51.41,-3.43,100
50.58,-1.3,90
53.84,-1.2,100
52.79,-2.66,100
52.61,-0.47,120
52.24,-2.88,130
52.35,-3.94,110
52.14,-4.57,120
51.71,-5.05,120
51.57,-3.98,80
51.5,-1.99,90
52.15,-2.04,130
51.09,-3.61,130
51.16,-1.75,110
51.01,-2.64,100
50.71,-3.5,160
50.36,-4.14,130
50.44,-5,130
50.22,-5.32,150
49.92,-6.29,150
55.02,-7.21,100
55.18,-6.15,100
54.65,-6.22,90
54.24,-6.5,110
54.4,-7.65,100
54.86,-4.93,90
55.5,-4.58,90
55.31,-3.2,110
55.71,-2.38,110
55.44,-5.69,90
56.38,-2.86,110
55.95,-3.35,100
56.33,-3.72,110
56.41,-5.47,120
56.72,-3.78,140
56.85,-2.26,100
56.87,-4.71,110
57.21,-3.83,140
57.47,-5.87,110
57.54,-4.06,140
57.71,-3.32,110
57.86,-5.63,90
57.94,-4.41,130
58.45,-3.09,120
58.95,-2.9,110
60.14,-1.18,90
57.48,-7.37,90
58.22,-6.32,100
56.5,-6.88,90
47.92,19.13,119
48.07,19.29,95.9
46.35,18.7,114
47.56,18.42,107
47.1,17.9,103
47.51,19.12,89
48.1,19.81,110
47.67,18.33,152
47.53,21.6,87.8
47.07,19.45,85.19
46.42,20.37,104
47.9,20.35,101
46.67,20.25,114
47.45,19.17,69.69
48.1,20.78,108
46.67,21.08,99.09
46.55,18.95,97
47.43,18.95,97.19
47.65,20.27,82.69
46.59,18.85,73.3
46.59,18.86,71.09
46.58,18.88,81.09
46.57,18.86,72.5
46.57,18.84,86.8
46.57,18.83,75.8
46.58,18.84,70.19
46.57,18.87,86
53.09,-7.89,72
51.94,-10.24,89
53.31,-6.44,80
54.18,-7.23,80
53.31,-6.25,116
51.85,-8.49,101
54.01,-6.38,108
52.67,-7.27,89
53.91,-8.82,74
55.37,-7.34,76
52.25,-6.34,82
52.68,-8.92,86
53.69,-6.32,97
52.23,-7.2,97
55.69,26.46,66.59
54.73,25.1,79.3
54.85,23.85,83
55.6,26.32,48
56.5,27.34,87.09
57.25,22.59,102
55.88,26.54,101
55.73,26.54,94.9
56.16,21.17,96.4
56.86,24.35,98.4
57.75,24.36,98.8
56.86,26.23,102
57.39,21.55,121
51.26,22.51,96.3
52.3,20.98,82.8
50.07,19.97,109
53.4,14.67,80.19
53.13,23.17,66.3
49.57,22.18,92.69
51.11,17.06,58.5
54.18,16.2,87.19
53.8,20.53,86.5
51.77,19.43,73.3
53.02,18.6,89.3
58.93,17.54,120.75
65.67,21.01,106.25
60.07,18.09,120.5
63.45,18.11,132
56,14,96.25
60.14,13.77,89.25
56.68,12.82,90.75
68.42,18.12,88
67.87,20.26,101
57.67,12.27,96.75
55.59,13.03,79
61.01,14.54,131.25
59.28,15.16,122
66.39,23.65,95.75
67.21,23.37,81.25
57.24,12.13,98.75
56.26,15.26,148.75
64.75,20.96,92
55.34,13.3,80.25
59.36,18.04,83.25
63.32,12.11,61.75
63.24,14.49,98.75
66.91,18.55,92
63.82,20.26,108.75
57.66,18.36,92
56.92,18.16,58.5
56.19,16.4,103.75
46.09,14.59,85
46.23,15.26,95
46.68,16,85
45.94,15.51,143
46.09,14.6,148
45.58,14.14,116
45.52,13.58,113
46.38,13.85,135
46.35,14.17,122
45.95,15.52,68
45.95,15.53,88
45.93,15.55,92
45.93,15.57,88
45.9,15.6,87
45.9,15.55,93
45.92,15.53,93
45.88,15.52,93
45.92,15.5,91
45.93,15.47,92
45.95,15.48,107
45.97,15.5,106
45.93,15.52,111
46.47,15.17,177
46.3,14.58,130
46.05,14.52,137
45.53,14.85,171
46.07,15.28,134
46.23,15.63,135
46.33,13.57,103
46.5,13.72,145
45.57,15.15,188
54.78,9.37,97.28
54.02,9.05,78.92
54.17,9.33,65.21
53.99,9.25,54.09
54.19,9.15,67.45
54.35,9.02,67.54
54.26,9.05,58.94
54.21,8.92,77.64
53.48,10.62,77.19
53.48,10.36,76.57
53.69,10.49,89.24
53.39,10.5,75.6
53.44,10.45,89.23
54.69,8.99,63.97
54.77,8.28,55.09
54.77,8.99,75.47
54.65,8.35,62.38
54.53,8.67,85.03
54.87,8.88,60.69
54.86,9.01,60.81
54.49,11.24,83.1
54.2,11.09,84.25
54.15,10.6,82.25
54.15,10.97,81.22
54.38,10.95,84.12
54.31,11.06,87.95
54.1,10.82,92.2
53.9,10.66,75.04
54.03,10.74,79.98
53.86,9.73,65.35
54.17,7.89,82.55
54.37,10.21,75.93
54.3,10.23,77.03
54.29,10.59,87.13
54.18,10.2,68
54.16,10.45,69.48
54.29,10.42,84.96
54.44,9.7,81.22
54.47,9.87,76.3
54.4,9.97,81.62
54.21,9.7,66.61
54.27,10.07,88.56
54.33,9.67,77.52
54.08,9.9,65.49
54.31,9.31,73.43
54.65,9.94,80.16
54.63,9.53,59.54
54.53,9.55,89.97
54.64,9.76,81.11
54.83,9.56,81.08
54.73,9.75,86.56
53.91,10.16,72.35
54.04,10.39,73.31
53.79,10.08,69.04
53.86,9.42,86.79
53.78,9.61,69.35
53.84,9.49,83.02
53.93,9.21,67.52
53.95,9.39,81.08
53.92,9.58,72.5
53.88,9.27,76.77
54.04,9.47,82.28
53.73,9.48,87.89
53.61,10.25,86.88
53.81,10.44,85.16
53.53,10.14,76.13
53.59,10.12,79.16
53.65,10.11,71.36
53.47,10.19,76.77
52.13,10.29,109.83
52.4,10.82,78.93
52.47,10.53,68.32
52.65,10.46,60.11
52.5,10.76,73.59
52.48,10.36,74.97
52.55,10.91,78.78
52.77,10.45,70.23
52.62,10.59,75.65
52.73,10.73,67.58
52.62,10.81,71.14
51.5,9.76,108.37
51.44,9.93,119.1
51.61,10.21,118.85
51.48,10.1,112.05
51.51,9.93,97.94
51.56,10.05,123.59
51.81,10.53,118.73
51.72,10.6,119.84
52.02,10.43,104.77
51.95,10.54,105.78
52.25,10.81,78.06
52.32,10.82,72.49
51.88,10,112.17
51.79,10.06,105.15
51.68,10.1,106.69
51.73,9.78,103.21
51.62,9.66,112.16
51.63,10.47,105.33
51.75,10.21,101.25
51.58,10.61,109.53
52.27,10.23,119.12
52.32,10.24,86.28
52.32,10.39,80.05
52.04,10.6,122.78
52.04,10.26,106.4
52.41,9.65,79.45
52.39,9.8,70.38
52.77,9.01,89.38
52.72,8.53,73.67
52.85,8.74,73.31
52.61,8.36,71.93
52.74,8.71,79.48
52.62,8.65,74.67
52.59,8.84,73.57
52.46,8.37,65.53
52.88,9.06,69.28
52.79,8.84,90.54
52.69,8.82,70.12
52.93,8.82,80.51
52.06,9.33,101.08
51.97,9.3,92.72
52.11,9.55,102.2
52.15,9.39,94.98
52.17,9.24,100.61
52.07,9.58,98.57
52.45,9.99,74.05
52.46,9.6,68.94
52.3,9.6,97.51
52.46,9.7,77.57
52.37,9.97,79.1
52.42,9.43,88.83
51.95,9.84,95.84
51.98,10.14,114.06
52.13,9.73,97.1
52.15,9.97,104.05
52.15,10.09,92.73
52.05,9.9,106.61
52.2,10.16,85.12
52.01,9.7,96.83
51.84,9.44,98.96
51.75,9.52,101.1
51.95,9.41,102.28
51.89,9.63,92.22
52.6,9.09,70.39
52.47,9.23,79.73
52.23,9.24,91.37
52.26,9.03,85.57
52.61,10.29,71.63
52.81,9.96,75.85
52.73,10.24,71.35
52.84,10.3,76.03
52.65,9.85,71.28
52.73,9.85,71.77
53.62,8.84,68.32
53.77,9.05,81.87
53.85,8.67,72.42
53.81,8.64,68.98
53.69,8.56,79.87
53.36,8.64,70.81
53.63,9.1,69.82
53.45,8.63,70.9
53.81,8.9,81.85
53.51,8.81,62.46
53.74,8.8,67.33
53.64,8.57,80.67
53.3,10.05,85.7
53.42,10.3,76.61
53.25,9.83,61.35
53.2,10.05,69.54
53.38,9.72,75.15
53.45,9.8,66.01
53.4,10.42,71.87
53.36,10.2,73.37
53.14,11.04,83.16
53.07,11.44,69
52.98,11.07,74.94
52.92,11.28,69.62
53.24,10.87,68.75
52.88,10.89,74.82
53,11.32,68.05
53.07,10.88,63.11
53.1,10.22,56.63
53.5,9.17,59.08
53.17,9.67,72.88
53.35,9.02,64.13
53.5,8.97,64.48
53.02,9.39,72.73
53.11,9.4,63.12
52.99,9.58,75.89
53.11,10.08,66.26
53.12,9.8,72.88
52.9,9.46,79.73
52.92,9.97,67.5
53.83,9.13,77.08
53.69,9.43,78.13
53.52,9.4,72.48
53.63,9.32,69.25
53.59,9.55,80.28
53.45,9.51,72.05
53.61,9.49,80.4
53.62,9.53,80.98
53.77,9.32,111.14
53.09,10.57,62.08
53.15,10.49,77.89
53.05,10.38,64.73
52.8,10.76,67.14
53.05,9.03,68.42
52.96,9.25,69.93
53.04,8.59,73.03
53.36,7.16,86.22
53.34,7.02,82.11
53.14,8.24,65.62
52.26,8.11,69.25
53.55,8.08,79.55
53.6,8.05,88.97
53.13,7.98,70.03
53.25,7.94,62.47
53.47,7.5,70.64
53.54,7.61,64.7
53.73,7.37,84.96
53.35,7.61,72.99
53.66,7.29,75.96
53.68,7.01,71.63
53.5,7.1,80.86
53.41,7.02,88.13
53.5,7.3,76.42
53.72,7.21,66.01
53.71,7.15,66.52
53.17,7.74,68.6
52.84,8.01,72.63
53.03,7.85,65.69
52.92,7.89,67.69
52.95,8.03,66.29
52.6,7.4,66.53
52.43,7.51,63.41
52.92,7.54,76.44
52.45,7.3,71.31
52.84,7.1,65.51
52.68,7.59,71.75
52.77,7.46,75.44
52.87,7.33,66.89
52.9,7.17,61.41
52.56,7.53,74.2
52.46,7.37,80.15
52.51,7.29,63.76
53,7.4,71.3
52.65,7.09,57.39
52.71,7.1,64.54
53.69,8.02,76.17
53.79,7.91,70.04
53.38,7.96,71.48
52.32,7.16,64.3
52.26,7.04,66.44
52.36,7.08,66.03
52.57,7.08,69.99
52.61,6.74,64.83
52.46,7.18,70.77
52.47,7.02,66.94
52.49,6.89,68.17
52.49,7.23,64.86
53.6,6.7,70.08
53.32,7.27,96.5
53.33,7.34,91.54
53.13,7.57,59.66
53.13,7.23,49.5
52.96,8.63,71.08
52.94,8.26,74.58
53.02,8.35,69.6
53.11,8.45,67.77
53.06,8.2,64.82
52.9,8.43,68.46
52.55,7.89,87.47
52.32,8.34,98.28
52.14,8.04,73.54
52.26,8.21,75.59
52.45,7.96,74.72
52.62,7.74,78.36
52.38,8.21,81.01
52.67,7.94,74.15
52.71,8.29,80.48
53.33,8.48,79.93
53.57,8.36,76.59
53.57,8.26,85.82
53.25,8.47,90.05
53.34,8.19,73.97
53.48,8.47,65.99
53.27,8.31,82.73
53.46,8.36,87.29
53.65,7.61,68.5
53.7,7.71,84.99
53.77,7.69,62.05
53.59,7.45,71.33
53.69,7.8,69.9
53.17,8.68,131.33
53.6,8.53,74.07
53.5,8.57,62.57
53.55,8.6,66.36
51.4,6.97,103.92
51.3,6.54,83.17
51.18,6.4,80.51
51.19,7.27,127.34
51.3,7.2,102.43
51.87,6.14,82.85
51.68,6.04,74.04
51.59,6.21,75.5
51.81,6.4,83.45
51.39,6.24,80.83
51.17,6.94,75.78
51.28,7.03,98.67
51.25,6.18,72.33
51.34,6.33,93.99
51.73,6.73,63.63
50.99,6.95,91.55
51.05,7.01,83.28
50.88,6.17,98.71
50.6,6.29,94.29
50.64,6.47,107.19
50.92,6.33,112.01
50.96,6.43,98.46
51.01,6.43,108.77
50.83,6.8,102.11
51.02,6.79,86.67
50.5,6.56,83.66
51.01,6.04,97.55
51.04,6.13,95.72
51.02,7.37,101.7
51.05,7.26,111.16
50.63,7.21,90.48
50.78,7.01,89.43
50.78,7.42,110.04
50.78,7.28,90.88
50.6,6.93,104.37
50.67,6.94,98.96
51.56,7.07,81.92
52,7.59,86.19
52.07,7,66.67
52.13,6.91,70.71
52.04,6.93,73.06
51.89,6.67,95.52
51.91,6.85,93.08
51.83,6.79,73.14
51.95,6.99,70.44
52.2,7.03,73.8
52.22,7.01,74.36
52.17,7.06,64.83
52.13,7.1,71.47
52.11,7.05,61.21
52.05,7.15,76.28
51.94,6.81,89.97
52.04,6.84,77.52
52.1,6.85,76.61
51.79,7.63,77.04
52.03,7.27,81.31
51.86,7.48,80.67
51.54,7.33,96.62
51.67,7.36,73.25
51.66,7,69.95
51.74,7.2,74.22
51.65,7.16,80.42
52.14,7.69,68.05
52.33,7.5,74.79
52.19,7.85,79.31
52.11,7.88,91.5
52.25,7.37,78.36
52.21,7.19,73.99
52.16,7.33,77.29
51.75,7.89,90.81
51.75,8.04,84.21
51.89,8.04,74.24
51.91,7.81,76.46
51.8,8.2,88.22
52.05,8.03,75.71
52.05,8.3,65.26
51.97,8.22,68.69
51.81,8.41,71.2
51.92,8.66,70.42
52.23,8.47,98.42
52.12,8.48,99.06
52.17,8.86,99.22
51.74,9.01,104.14
51.57,9.23,111.97
51.79,9.39,101.99
51.82,9.23,122.61
51.88,9.08,99.17
51.49,9.13,96.68
51.63,9.13,101.11
51.93,8.89,96.12
52.07,9.1,96.79
52.02,8.91,86.22
51.91,9.29,109.6
52.26,8.75,86.35
52.31,8.61,92.79
52.37,8.99,90.24
52.43,8.6,74.15
52.37,8.46,76.14
51.55,8.55,88.11
51.76,8.56,69.67
51.62,8.89,82.1
51.43,7.19,95.2
51.47,7.59,100.5
51.36,7.47,102.4
51.65,7.83,87.72
51.36,7.3,104.47
51.39,8.07,105.42
51.39,8.58,99.72
51.25,8.18,123.54
51.11,8.62,114.34
51.46,8.85,114.82
51.16,8.29,109.46
51.24,8.4,112.24
51.32,8,88.65
51.33,7.64,109.12
51.11,7.88,108.63
51.17,7.97,111.73
51.08,8.1,119.14
50.98,7.85,115.98
51.08,8.41,110.96
50.92,8.41,109.9
51.66,8.04,77.25
51.69,8.44,63.63
51.5,8.44,92.12
51.43,8.34,99.66
51.56,7.9,94.98
51.6,7.69,90.27
51.62,7.52,81.14
51.54,7.73,100.6
51.67,7.63,81.53
50.16,8.65,94.9
50.1,8.57,117.19
50.02,8.53,84.18
50.11,8.73,80.69
50.09,8.22,111.36
49.69,8.4,103.39
49.67,8.53,93.37
49.59,8.81,126.16
49.74,8.62,97.95
49.92,8.95,106.53
49.8,8.63,92.09
49.77,8.48,100.55
49.91,8.48,83.54
49.97,8.57,84.73
49.84,8.45,93.85
50.27,8.45,119.13
50.31,8.56,116.74
50.12,9.47,108.72
50.2,9.18,105
50.35,9.53,120
50.26,9.51,104.3
50.27,9.31,107.8
50.06,8.36,106.81
50.12,8.49,114.06
49.81,9.05,102.75
49.72,8.84,126.37
49.5,8.92,88.22
50.02,8.8,90.96
49.96,8.66,100.9
50.05,8.97,99.23
50.16,8.06,97.08
50.2,8.29,121.89
50.04,7.8,128.07
50.29,8.95,106.03
50.29,9.11,105.49
50.32,8.75,101.01
50.39,9.14,102.56
50.47,8.89,100.37
50.7,8.45,104.5
50.74,8.27,95.05
50.85,8.37,87.03
50.58,8.29,112.41
50.67,8.22,92.11
50.58,8.49,111.5
50.3,8.27,111.77
50.44,8.03,103.19
50.48,8.24,125.51
50.43,8.38,97.61
50.69,8.61,104.07
50.79,8.77,99.84
50.82,8.99,87.24
50.73,9.24,107.68
50.69,9.06,93.27
50.63,9.39,99.79
50.67,9.56,113.83
50.57,9.19,100.41
51.31,9.51,101.12
50.75,9.84,113.43
50.55,9.7,116.77
50.5,9.94,106.94
50.5,9.48,113.46
50.65,10.02,113.23
50.89,9.73,98.42
50.83,9.91,131.03
51.02,9.92,106.58
50.95,10.04,112.54
51.25,9.37,110.07
51.42,9.18,110.4
51.39,9.54,104.82
51.6,9.55,108.92
51.49,9.59,101.58
51.32,9.17,120.05
51.37,9.3,110.94
51.14,9.29,115.71
51.02,9.41,114.48
51,9.14,116.83
51.12,9.55,102.07
50.93,9.21,93.54
51.38,9.01,102.75
51.01,8.63,115.94
51.36,8.81,111.42
51.47,9,108.43
51.09,8.93,127.13
51.05,8.77,107.69
50.97,8.97,110.23
51.2,8.8,104.09
51.23,9.09,116.89
51.28,8.66,133.05
51.04,10.15,108.99
51.2,9.65,116.02
51.24,10.06,103.84
51.15,9.88,100.21
51.19,10.18,116.19
51.35,9.86,112.01
50.51,6.99,115.64
50.53,7.1,106.44
50.46,7.21,116.34
50.41,6.88,106.45
50.79,7.85,106.39
50.62,7.53,107.68
50.78,7.71,106.95
49.79,7.48,113.54
49.95,7.79,114.67
49.88,7.63,110.13
49.7,7.35,114.38
49.86,7.34,129.11
50.16,7.18,113.53
50.13,7.01,115.93
50.22,6.97,112.92
50.03,7.17,120.78
50.44,7.42,118.77
50.32,7.22,126.53
50.41,7.55,115.66
50.39,7.5,121.8
50.34,7.47,128.57
50.25,7.36,115.45
50.52,7.31,98.13
50.56,7.29,97.82
50.43,7.48,110.65
50.17,7.55,122.89
50.07,7.45,127.5
49.91,7.51,117.27
49.98,7.52,114.86
50.35,7.89,112.05
50.27,7.98,132.07
50.32,7.59,110.59
50.2,7.86,118.13
50.15,7.73,134.61
50.28,7.83,113.65
50.66,7.95,103.82
50.6,8.07,104.77
50.65,7.72,111.96
49.75,6.66,107.19
50.09,6.81,112.58
49.86,6.9,107.47
49.85,6.35,107.45
49.85,6.46,95.57
50.02,6.22,108.1
49.94,6.64,121.25
49.97,6.19,115.76
50.3,6.34,112.34
50.24,6.29,117.89
50.07,6.19,114.52
50.1,6.45,106.57
50.15,6.22,107.32
50.2,6.42,115.13
50,6.45,105.68
50.29,6.67,110.57
50.35,6.57,111.45
50.33,6.45,102.3
49.72,6.79,107.59
49.57,6.37,126.32
49.6,6.56,103.25
49.67,6.52,98.19
49.61,6.42,115.29
49.6,6.69,117.57
49.54,8.37,92.98
49.2,7.61,123.35
49.67,8.35,89.12
49.76,8.34,97.47
49.74,8.12,120.44
49.77,7.95,114.13
49.47,8.19,97.64
49.35,7.94,97.58
49.57,8.18,98.42
49.41,8.01,103.21
49.66,8.01,125.84
49.73,7.77,128.27
49.59,7.78,126.25
49.21,8.36,89.45
48.99,8.24,88.71
49.05,8.25,85.43
49.49,7.89,97.02
49.28,8.22,103.41
49.05,8.03,97.95
49.26,8.4,97.25
49.4,8.39,96.28
49.97,8.26,110.1
49.06,7.86,100.01
49.08,7.71,110.99
49.32,7.7,100.88
49.26,7.56,112.59
49.22,7.9,98.02
49.2,7.38,129.91
49.19,7.44,124.78
48.78,9.18,115.78
48.69,9.04,115.41
48.59,8.86,121.46
48.8,9,112.66
48.72,8.98,117.89
48.75,9.32,112.52
48.65,9.44,99.16
48.74,9.48,90.25
48.55,9.37,102.35
48.72,9.26,101.12
48.68,9.93,98.36
48.74,9.72,101.67
48.99,9.55,114.17
49.18,8.84,108.01
49.41,9.61,107.27
49.29,9.8,118.62
49.3,9.62,128.79
49.21,9.5,110.62
49.29,10.04,126.22
49.15,10.06,115.36
49.17,9.92,105.15
49.08,9.55,103.06
49.1,9.73,121.8
49.08,9.98,108.38
49.41,9.83,112.04
49.53,9.64,98.06
49.66,9.73,102.77
49.53,9.85,104.73
48.86,9.79,120.45
48.82,9.96,101.33
48.76,10.33,86
48.94,10.37,99.58
48.83,10.12,72.63
49.12,8.73,115.27
49.13,8.53,89.33
49.1,8.48,90.26
48.69,8.12,117.98
48.68,8.36,130.71
48.61,8.28,145.86
48.79,8.33,105.46
48.75,8,96.28
49.37,9.42,121.6
49.52,9.33,110.63
49.61,9.47,122.25
48.66,8.6,118.19
48.57,8.69,116.38
48.7,8.53,90.5
48.71,8.76,108.34
48.86,8.85,105.52
48.85,8.58,116.87
48.35,8.39,165.24
48.47,8.42,112.35
48.52,8.57,126.14
48.59,8.42,119.94
47.92,7.91,106.01
47.98,7.9,113.54
47.86,8.11,125.62
48,8.1,102.04
48.17,8.06,124.24
48.14,7.8,101.3
48.16,7.64,88.22
48.24,7.71,95.19
48.11,7.98,114.38
48.66,8.02,108.89
48.42,8.21,125.38
48.42,7.77,94.03
48.53,8.07,110.8
48.27,7.95,128.16
48.45,7.89,130.14
48.53,7.86,102.5
48.47,7.8,91.91
48.31,7.75,100.29
48.65,7.89,101.94
48.29,8.56,144.59
48.25,8.44,120.67
48.38,8.58,114.13
48.17,8.6,133.81
48.13,8.38,125.8
48,8.32,157.28
48.04,8.47,106.83
48.1,8.81,88.35
48.01,8.66,113.51
47.98,8.81,112.99
47.85,8.78,110.74
47.69,8.75,93.64
47.68,9.19,90.03
47.66,8.89,87.87
47.73,8.98,85.01
47.7,9.06,87.23
47.75,8.85,100.45
47.86,9.01,100.43
47.82,8.66,106.82
47.74,7.55,97.16
47.66,7.54,100.69
47.74,7.81,168.67
47.71,7.61,112.35
47.56,7.78,96.11
47.65,7.83,134.55
47.84,7.88,123.72
47.54,7.67,88.61
47.82,8.34,109.36
47.74,8.44,97.95
48.28,9.48,99.79
48.41,9.53,101.75
48.48,9.22,89.34
48.48,9.4,70.58
48.35,9.33,102.72
48.4,9.05,115.01
48.45,8.96,118.55
48.28,8.85,118.22
48.29,9.14,90.6
48.35,8.78,124.62
48.21,8.76,126.65
48.21,9,87.54
48.47,9.94,117.74
48.27,9.73,101.15
48.37,9.74,73.58
48.06,9.61,90.27
48.11,9.42,93.91
48.18,9.97,89.25
48.2,9.78,117.7
47.73,9.32,103.46
47.59,9.6,89.99
47.77,9.15,93.43
47.79,9.43,98.8
47.94,10.09,98.86
47.94,9.54,104.53
47.92,9.75,109.04
47.71,9.69,99.44
47.82,10.02,98.71
47.8,9.63,105.54
47.7,9.83,100.21
47.82,9.79,99.06
48.05,8.97,99.88
48.19,9.28,94.82
48.02,9.23,89.24
47.95,9.38,101.67
48.09,9.21,91.97
48.12,9.08,104.37
47.95,9.03,99.74
47.86,9.24,100.21
48.14,11.45,94.98
48.09,11.66,87.23
48.14,12.79,109.28
48.21,12.88,93.68
47.64,13,123.08
47.85,12.98,99.58
47.61,12.91,126.05
47.68,12.79,95.48
47.87,11.48,83.93
47.65,11.37,91.44
47.56,11.43,100.68
48.36,11.39,102.79
48.08,11.96,94.68
48.82,11.09,93
48.37,11.99,104.29
48.3,11.84,92.46
48.53,11.81,111.34
48.3,11.66,89.33
47.94,10.83,100.42
48.07,11.03,103.32
47.62,12.02,106.88
47.72,11.95,103.26
47.8,11.83,91.38
48.28,12.35,98.25
48.24,12.53,102.62
48.36,12.51,104.09
47.97,11.63,98.23
48.5,11.36,109.52
48.57,11.62,80.49
47.74,12.12,82.59
47.8,12.28,98.64
47.98,12.05,101.6
48.06,12.22,96.07
48.07,11.24,103.38
47.78,12.45,107.84
48,12.4,97.21
47.67,12.47,109.91
47.73,12.66,95.37
47.71,12.4,102.98
47.82,11.3,103.4
47.83,11.17,100.84
48.79,12.87,105.37
48.76,13.18,121.74
48.75,13.75,172.98
48.88,13.66,150.32
48.77,13.59,127.27
48.63,11.78,112.03
48.81,11.77,92.45
48.95,11.68,102.01
48.55,12.26,111.39
48.57,12.17,99.35
48.59,12.23,111.35
48.64,12.26,101
48.47,12.27,115.5
48.51,12.42,125.25
48.65,12.33,101.93
48.45,12.11,97.7
48.62,12.34,88.9
48.52,11.99,98.3
48.72,13.33,157.76
48.67,13.47,135.16
48.56,13.64,113.6
48.35,13.2,125.23
49.04,12.99,161.27
49.01,13.22,127.58
48.44,12.57,112.22
48.24,12.98,98.84
48.48,12.83,127.55
48.94,12.72,125.61
49.07,12.71,151.26
48.63,12.86,100.12
48.74,12.75,125.98
49.04,12.11,87.45
49.31,11.78,95.44
49.26,11.93,111.61
49.5,11.73,109.49
49.61,11.81,107.03
49.1,12.48,137.46
49.2,13.05,148.42
49.36,12.61,130.96
49.16,11.73,101.18
49.29,11.62,83.38
49.75,11.82,131.06
49.73,12.34,158.01
49.8,12.15,124.44
48.84,12.19,88.27
49.25,12.3,118.83
49.2,12.06,113.94
49.54,12.12,116.26
49.51,12.55,110.2
49.4,12.14,122.41
49.81,12.44,127.14
49.98,12.44,145.72
49.92,11.97,110.86
49.88,12.34,136.56
50,12.3,131
49.94,11.6,129.59
49.99,10.85,108.81
49.85,10.5,112.61
49.89,11.11,88.28
49.97,11.03,116.93
50,11.2,103.17
49.85,11.62,88.49
49.77,11.41,100.17
49.87,11.78,141.14
49.86,11.33,113.98
50.32,10.9,124.7
50.33,11.1,110.01
49.78,11.19,95.63
49.65,11.24,104.51
50.38,11.78,91.2
50.34,11.6,94.33
50.19,11.8,94.37
50.22,11.94,115.63
50.48,11.39,154.18
50.4,11.38,121.33
50.23,11.55,123.71
50.07,11.08,93.28
50,12.07,120.67
50.16,12.14,153.54
49.32,10.56,118.02
49.44,10.17,115.82
49.16,10.55,110.38
49.35,10.41,128.59
49.07,10.32,109.6
49.2,10.31,131.7
49.06,10.5,109.06
49.34,10.79,121.76
49.28,10.26,126.41
49.62,10.83,117.18
49.52,11.27,102.13
49.63,11.56,113.86
49.45,10.33,124.4
49.73,10.6,118.77
49.58,10.62,125.97
49.67,10.46,125.56
49.6,10.44,110.09
49.54,10.23,123.84
49.32,11.12,113.41
49.13,11.11,93.23
49.02,10.74,99.75
49.01,11.13,117.2
48.95,10.91,110.17
50.04,10.21,115.02
49.77,9.96,104.09
50,9.17,117.06
50.12,9.9,114.46
50.2,9.96,138.67
50.4,10,104.79
50.52,10.14,117.5
50.36,10.47,121.83
50.27,10.53,122.49
50.43,10.31,98.88
50.36,10.23,109.59
49.97,10.66,140.43
50.04,10.52,117.97
50.2,10.66,115.54
49.89,10.55,118.2
49.64,10.22,108.47
49.83,10.2,89.35
49.79,10.35,97.82
49.78,9.38,107.01
49.61,9.17,110.08
49.72,9.21,101.28
49.98,9.96,96.05
50.06,9.69,122.41
49.85,9.62,110.21
49.95,9.67,109.98
49.9,10.35,126.05
49.99,10.31,82.34
49.92,10.23,113.6
50.1,10.14,116.18
50.04,10,115.66
49.61,9.91,123
49.76,9.71,88.39
49.85,10.04,113.97
49.51,9.97,107.14
49.88,9.84,103.43
48.35,10.88,98.5
47.72,10.33,99.73
48.46,10.82,117.66
48.17,10.6,122.66
48.4,10.61,92.2
48.49,10.44,101.97
48.57,10.5,96.46
48.36,10.3,90.83
48.38,10.44,97.54
48.27,10.47,96.52
48.43,10.15,101.97
48.35,10.04,98.69
48.3,10.17,104.28
47.6,9.88,97.98
47.95,10.54,108.31
48.03,10.72,116.5
47.7,10.52,86.43
47.7,10.8,83.73
47.77,10.62,109.82
47.85,10.41,102.13
48.03,10.34,100.78
47.99,10.21,120.44
48.04,10.49,96.34
48.95,10.61,106.1
48.78,10.7,81.28
48.84,10.85,108.38
48.85,10.5,115.12
48.87,10.73,93.27
47.49,10.39,99.76
47.56,10.23,94.02
47.4,10.28,95.89
47.64,10.13,109.68
49.22,6.99,110.18
49.23,6.92,108.71
49.18,6.74,100.83
49.42,6.77,119.16
49.55,6.73,96.32
49.43,6.58,126.59
49.49,6.62,102.93
49.5,6.51,100.55
49.5,6.44,84.4
49.54,6.89,116.15
49.4,7.17,123.01
49.39,6.9,109.43
49.36,6.62,107.6
49.26,6.69,99.67
49.32,6.66,106.58
49.28,6.79,101.71
49.23,7.27,119.55
49.14,7.22,120.64
49.31,7.34,103.13
49.15,7.12,107.43
49.55,7.25,130.36
49.48,7.04,119.68
47.57,10.96,86.77
47.46,11.18,123.28
47.64,11.75,107.3
48.24,11.55,86.05
48.08,11.37,98.5
48.83,13.78,180.73
48.94,13.57,171.12
48.93,13.46,112.15
49.12,13.2,160.4
49.01,13.36,135.99
48.58,10.42,106.03
48.46,10.49,94.9
47.54,9.86,103.53
47.56,10.59,91.19
47.56,10.74,99.09
47.46,10.07,85.66
53.83,8.76,65.78
52.45,10.94,74.08
52.1,10.87,99.94
53.44,9.91,74.65
53.38,10.11,64.3
53.03,11.31,63.39
51.95,7.53,91.57
51.83,6.54,76.66
51.82,6.94,71.02
52.02,8.58,61.12
51.96,8.37,57.6
51.63,9.29,107.06
51.7,9.28,93.56
51.56,8.12,75.99
51.48,8.23,93.9
51.49,6.96,90.79
51.27,6.37,100.59
50.91,6.41,83.37
50.98,6.68,94.46
50.59,6.66,107.29
50.41,7.59,102.61
49.21,7.11,124.54
49.2,12.79,143.64
49.33,11.44,87.35
49.09,12.25,185.55
49.98,9.09,89.93
48.77,11.38,103.06
48.1,11.52,99.85
48.19,11.46,99
48.02,11.47,108.46
48.14,11.74,97.37
47.89,12.41,112.84
48.91,13.09,146.03
54.1,13.41,81.82
53.64,11.39,89.4
53.9,11.42,95.11
53.9,13.05,84.54
53.55,14.3,78.87
53.35,14.38,83.18
54.44,12.72,67.74
54.68,13.43,82.89
53.77,8.64,71.97
53.41,8.79,73.78
53.55,7.94,68.37
53.54,8.47,89.64
53.19,8.58,67.4
52.29,10.45,88.93
52.23,11.03,92.5
51.83,9.87,113.4
52.24,9.67,99.91
52.55,9.73,70.66
52.24,9.86,96.47
52.6,10.04,74.93
53,9.83,67.57
52.45,13.65,71.85
51.69,13.23,74.07
52.11,13.14,75.93
51.29,6.75,90.12
51.79,6.07,89.36
51.36,6.44,91.91
51.56,6.72,91.04
50.78,6.09,91.3
50.71,7.12,92.62
50.94,7.05,95.51
50.72,6.4,105.1
50.97,6.58,108.11
50.89,6.87,107.91
50.6,6.79,97.21
50.67,6.76,98.06
51.14,6.28,87.3
49.55,8.59,85.08
50.6,8.84,114.12
50.81,8.53,84.77
50.9,8.72,104.28
51.23,9.27,102.68
51.58,9.43,78.46
50.86,9.48,112.05
50.91,9.42,95.88
51.11,9.12,114.62
51.32,13.29,95.81
50.88,12.13,113.64
49.6,7.06,122.31
53.03,13.99,88.93
52.87,14.15,77.19
52.21,14.12,73.09
52.07,12.67,68
52.28,12.61,71.76
52.92,13.73,83.7
51.64,13.7,76.06
53.14,13.03,74.4
52.6,12.89,87.82
53.16,12.2,84.23
51.51,13.98,94.08
53.1,13.63,119.98
51.27,12.67,110.32
51.27,13.89,81.55
51.29,14.85,72.51
51.55,13.01,112.53
50.98,12.52,119.92
50.8,10.25,139.71
51.2,10.44,126.79
51.5,10.81,115.99
50.95,10.71,122.6
51.18,8.49,105.55
50.71,8.08,75.77
50.94,8.01,103.52
53.29,9.5,70.57
52.96,7.27,90.34
52.52,7.31,59.82
53.28,10.72,65.64
52.1,8.75,104.42
52.17,9,96.45
51.47,8.71,103.87
50.84,8.02,119.27
50.55,6.25,104.51
51.08,7.53,107.17
49.21,8.17,98.26
49.46,8.44,94.42
49.36,8.14,97.23
49.31,8.45,81.93
48.98,8.14,91.68
49.13,8.15,88.34
48.83,9.2,125.04
48.9,9.13,101.39
49.04,9.12,118.34
48.94,9.29,97.74
49,9.11,107.62
49.01,9.2,104.05
48.83,9.13,122.28
48.94,9.43,104.55
49.24,9.1,106.81
49.16,8.99,115.7
49.06,9.29,122.53
49.1,9.38,114.44
49.1,9.13,108.79
48.6,10.25,108.09
48.94,8.4,110.17
49.24,8.46,79.82
49.08,8.4,95.76
49.23,8.51,99.66
49.26,8.49,99.58
49.16,8.42,88.63
48.95,8.23,97.08
48.87,8.2,104.63
48.9,8.2,92.59
49.51,8.49,102.46
49.43,8.54,98.94
49.36,9.02,113.1
49.45,9.18,135.35
49.35,9.13,113.87
49.35,9.1,98.61
49.39,9.09,117.35
49.54,9.16,115.04
49.39,9.27,113.72
49.24,8.68,114.11
49.34,8.8,106.65
49.46,8.81,114.75
49.25,8.88,108.03
49.53,8.64,101.49
49.33,8.98,103.87
49.31,9.02,124.24
49.05,8.85,125.47
48.02,7.73,106.55
48.01,7.78,106.69
47.98,7.79,107.89
48.03,7.6,96.34
47.86,7.58,91.66
47.59,7.86,101.93
47.65,8.13,132.92
47.64,8.08,133.2
47.68,8.01,193.78
47.59,8.44,102.17
47.63,8.31,125.14
47.56,7.97,93.8
47.77,8.11,145.08
47.72,8.32,136.13
54.18,12.08,86.64
53.95,13.42,77.97
53.31,11.09,75.47
53.68,13.57,79.79
53.28,12.82,83.7
53.51,13.95,71.82
54.37,13.67,61.93
53.8,11.71,82.15
54.28,13.01,90.53
53.76,12.56,93.01
53.96,12.69,61.45
54.02,12.46,77.51
53.74,12.93,86.2
53.43,10.74,72.86
53.38,11.24,72.63
53.61,10.95,86.17
53.12,11.36,66.59
53.23,11.2,54.38
53.5,11.09,76.9
53.46,13.29,90.07
53.59,13.43,79.55
53.34,12.36,70.28
54.11,12.66,87.51
54.03,12.87,80.76
54.4,13.01,79.97
53.77,11.46,93.65
53.91,11.73,89.92
54.05,14,72.63
53.94,13.85,80.17
54,13.63,79.45
54.05,13.76,73.73
53.87,14.17,70.17
53.62,12.18,75.61
53.57,11.92,77.4
53.36,12.1,78.59
53.67,11.66,78.1
54.32,13.53,79.4
54.54,13.55,90.64
53.75,14.23,63.11
53.7,13.83,61.19
53.38,14.27,83.11
53.45,14.22,72.76
53.58,14.19,62.73
53.28,14.18,92.85
51.78,14.32,72.09
52.16,14.66,66.09
52.37,14.48,70.63
53.07,14.2,80.98
53.21,14.38,80.15
52.08,14.17,56.26
52.42,12.55,72.03
51.75,14.63,91.26
53,13.1,84.03
51.94,14.45,73.88
52,13.07,83.48
52.11,13.7,68.32
51.94,13.91,61.58
52.05,13.32,56.53
52.57,13.1,76.88
52.9,12.81,71.98
52.64,13.25,68.36
53.07,11.85,77.41
53.31,13.87,83.23
52.55,14.54,82.55
52.6,13.58,79.89
52.79,13.49,81.46
52.77,13.7,71.61
52.85,13.94,81.71
51.91,13.58,69.19
51.98,14.29,58.99
51.85,13.71,71.06
51.99,13.69,73.8
51.59,13.23,74.67
51.78,13.4,74.58
52.59,12.63,61.23
52.73,12.54,72.21
52.42,14.44,76.27
53.14,13.24,71.08
52.9,13.16,85.58
51.47,13.72,72.25
51.37,13.76,68.56
52.35,14.28,72.3
52.09,14.64,73.35
52.24,13.95,77.06
52.71,12.79,73.02
53.1,12.9,79.63
52.25,12.95,71.08
52.21,12.8,67.4
52.37,12.91,83.25
52.02,12.53,72.75
52.12,12.46,79.53
52.25,12.26,80.36
53.16,11.75,90.37
53.25,12.04,82.42
51.61,14.61,80.8
51.65,14.23,81.22
51.67,14.75,96.11
51.96,12.97,87.02
52.21,13.15,69.12
51.88,13.25,75.43
53.27,13.62,77.05
53.24,13.98,82.71
53.22,13.32,73.19
53.1,13.44,73.77
53.39,14,93.08
53.27,14.35,85.25
53.09,14.29,91.16
51.52,11.97,96.05
51.76,11.49,109.91
51.81,11.73,105.88
51.62,12.29,90.4
51.53,11.54,120.64
52.27,11.42,85.29
52.84,12.08,77.08
51.15,12.09,111.73
51.8,12.96,85.69
52.63,11.14,66.17
51.73,11.95,107.99
52.03,11.21,88.3
52.89,11.73,72.7
52.89,11.57,70.4
52.74,11.58,71.43
51.77,11.1,105.61
52.83,11.19,65.82
51.45,11.3,104.72
52.02,11.75,133.25
52.58,11.83,79.66
52.43,11.79,72.56
51.89,12.64,68.81
52.24,11.63,90.22
51.89,12.45,77.18
52.02,11.94,85.94
52,12.28,73.54
51.62,12.12,110.74
51.73,12.48,84.05
51.15,11.79,112.96
51.17,11.55,113.16
51.61,11.29,117.91
51.65,11.68,107.99
51.33,11.92,108.47
51.39,11.66,86.66
51.5,11.74,115.83
51.46,11.09,110.27
51.94,11.45,102.44
52.16,11.18,98.2
51.98,10.88,113.83
52.38,11.98,87.22
52.24,12.05,78.35
52.15,11.87,80.79
52.26,11.22,119.26
52.71,11.86,73.79
52.7,12.07,79.73
52.56,11.66,81.11
51.85,11.25,110.38
51.8,10.62,157.85
52.79,10.89,79.36
52.79,11.38,83.25
52.66,11.39,80.18
51.16,14.95,91.38
51.32,12.29,103.18
50.49,13.02,130.19
50.54,12.42,149.2
51.18,14.44,106.01
51.14,14.2,111.21
51.12,12.5,94.2
50.71,13.51,126.65
50.81,13.41,132.01
51.12,13.67,114.87
50.91,13.34,116.07
50.88,12.58,120.54
51.01,14.93,116.46
51.43,14.28,68.33
50.98,14.61,112.56
50.33,12.29,125.92
50.22,12.31,127.54
50.85,14.05,92.2
50.48,12.13,121.25
51.04,12.8,116.38
50.97,14.25,109.56
50.93,14.36,97.9
50.89,14.82,105.53
50.68,12.47,119.63
50.64,12.96,127.32
51.31,14.33,73.72
51.1,14.39,98.08
51.45,12.63,97.91
51.07,13.04,114.31
51.2,13.31,117.31
50.65,13.38,116.77
50.76,13.06,125.73
51.36,14.96,73.45
51.26,14.64,72.43
51.29,13.54,98.43
51.03,14.76,100.82
50.89,14.66,118.71
51.02,14.53,95.44
50.83,14.72,103.34
50.89,14.2,79.57
51.51,12.81,90.6
51.23,13.03,125.95
50.73,13.75,174.03
51.19,14.02,70.76
51.06,13.95,96.84
51.36,14.5,76.01
51.39,14.03,71.68
50.98,11.31,94.72
50.78,11.08,129.38
51.33,11.11,132.02
51.37,11.29,121.25
50.65,12.18,139.73
50.5,11.13,138.27
50.74,11.76,97.95
50.65,11.35,122.93
50.57,11.8,91.73
51.17,11.11,118.43
51.28,10.72,92.81
50.71,10.69,157.63
51.39,10.31,121.08
50.99,10.31,121.1
51.11,10.33,104.93
51.11,10.64,112.49
51.29,11.44,105.32
51.37,10.91,137.09
50.46,10.55,119.05
50.56,10.38,132.36
51.08,10.85,121.39
50.79,10.61,149.68
51.04,11.13,111.74
50.28,10.72,138.02
50.56,10.96,139.29
50.65,10.77,182.26
50.68,10.89,178.35
51.02,11.51,113.66
50.39,11,127.58
50.38,11.18,110.66
50.44,11.87,127.32
50.71,11.57,104.39
50.65,11.97,132.72
51.04,12.31,82.83
50.9,12.34,105.63
53.03,13.71,93.52
51.65,13.39,80.82
52.38,13.53,89.02
52.64,14.19,82.2
52.58,14.07,80.4
52.67,14.43,78.15
52.72,14.28,90.73
52.7,14.36,77.81
52.53,13.91,74.59
52.61,14.45,71.49
53.07,13.09,80.82
52.76,13.03,77.26
53.05,13.28,81.15
51.65,13.93,78.72
52.46,14.22,81.24
52.39,13.88,65.28
52.07,14.74,62.66
52.24,14.58,74.61
52.2,14.63,70.12
53.09,12.74,75.32
53.16,12.76,79.6
53.06,12.43,67.18
52.97,12.99,74.25
52.91,12.59,75.29
53.04,12.86,79.8
52.09,12.87,75.46
52.96,11.94,77.12
53.03,12.06,72.32
51.84,14.15,66.82
51.69,14.62,68.43
51.94,14.69,85.12
51.96,13.36,63.28
53.16,14.34,60.32
53.16,13.77,95.12
53.37,13.7,80.63
52.99,14.14,74.04
54.11,11.98,73.82
54.13,11.87,77.08
54.08,12.3,81.86
54.25,12.25,82.03
54.04,11.68,71.59
53.85,13.24,83.33
53.63,12.91,83.89
53.85,12.77,80.23
53.94,11.96,87.86
53.68,12.36,91.22
53.89,12.46,79.58
53.82,11.95,71.9
53.93,12.22,84.56
53.56,11.26,100.65
53.44,11.48,65.24
53.17,11.29,59.66
53.44,10.93,72.21
53.16,11.54,69.72
53.35,13.45,77.99
53.28,12.97,73.73
53.46,13.57,104.07
53.44,12.84,75.57
53.64,12.65,82.75
53.53,12.42,75.36
53.52,12.67,78.59
54.35,12.96,81.37
54.28,12.31,59.57
54.37,12.62,60.98
54.15,12.42,79.76
54.33,12.84,76.77
54,11.44,84.08
54.29,12.72,73.13
54.21,12.82,81.37
54.2,13.19,85.17
54.05,13.12,80.47
54.35,12.39,69.56
53.88,11.13,89.8
53.76,10.93,83.89
53.9,11.27,88.72
53.97,11.04,84.36
53.94,11.59,79.89
53.86,10.93,92.27
53.94,14.07,65.62
53.83,13.45,94.85
53.52,11.64,77.46
54.64,13.32,92.82
54.45,13.56,71.38
54.59,13.12,80.71
54.36,13.37,81.04
54.47,13.39,74.17
54.36,13.2,83.44
54.25,13.35,83.85
50.39,12.35,146.97
50.37,12.13,136.09
50.43,12.95,146.12
51.6,12.6,68.97
51.54,12.34,104.03
50.86,13.17,128.29
51.31,12.52,110.37
51.22,12.32,108.31
51.06,13.27,102.41
50.61,13.46,122.59
50.56,13.22,126.87
50.6,13.3,122.27
50.98,13.1,119.67
51.26,15.03,102.8
51.12,14.81,106.7
51.04,14.29,97.14
51.04,14.12,108.51
50.74,12.75,135.84
51.63,12.88,81.68
50.77,13.62,128.44
50.44,12.58,143.67
50.53,12.84,138.8
51.25,14.18,104.19
51.21,13.72,102.81
52.12,12.09,73.32
51.72,12.16,86.6
51.72,12.62,78.22
51.96,12.75,79.9
51.27,11.64,113.79
51.09,11.93,93.68
51.3,11.79,89.7
51.28,12.1,98.25
51.44,12.04,87.25
51.52,12.17,104.2
51.84,11.6,106.25
52.07,11.37,107.52
52.13,11.26,85.87
52.17,11.07,108.43
52.36,11.73,77.28
52.32,11.15,74.22
52.17,11.41,117.11
52.39,11.19,114.38
52.54,12.01,82.2
52.63,11.66,76.7
52.99,11.67,64.46
51.74,11.23,103.11
51.65,11.14,124.18
51.69,10.85,100.54
52.51,11.18,78.82
52.71,11.05,82.82
52.43,11.41,74.59
52.74,11.24,66.22
51.28,10.28,124.57
51.53,10.42,112.62
51.44,10.57,133.87
50.76,10.08,123.17
51.23,10.93,117.62
51.34,10.59,136.75
50.72,10.45,164.88
51.14,11.34,115.62
50.83,10.94,141.92
50.86,11.33,132.81
50.78,11.38,113.04
50.66,11.1,118.7
50.8,11.59,111.83
50.86,11.87,95.17
50.46,11.53,150.74
50.78,11.99,116.57
50.78,12.24,113.21
54.11,8.94,75.47
53.73,10.71,84.05
54.43,9.2,79.16
54.81,8.71,87.66
54.21,9.92,71.32
54.13,9.56,88.8
54.44,9.43,70.92
53.97,9.97,70.8
54.04,10.22,65.92
52.15,10.33,102.95
51.87,10.29,109.78
52.31,9.36,103.83
53.25,8.82,68.42
53.45,7.83,54.79
53.04,8.8,87.92
50.8,6.4,104.96
50.97,6.28,99.02
50.87,6.47,86.81
50.91,6.68,101.19
50.96,7.55,106.73
52.04,7.1,70.34
52.1,7.23,67.44
51.76,7.4,67.86
52.32,7.79,83.82
51.81,8.83,64.31
51.25,7.64,112.6
51.29,7.8,108.94
49.56,9.02,90.28
47.96,7.8,97.76
48.38,9.95,120.71
48.5,10.17,95.05
48.95,11.43,104.33
48.83,11.59,107.2
48.88,11.25,110.53
48.23,11.27,74.1
48.17,11.08,94.7
48.7,11.53,81.6
47.85,12.01,111.96
47.8,11.02,99.35
48.94,12.05,97.37
48.88,11.83,100.53
48.5,13.31,85.51
48.62,13.19,119.22
48.45,13.09,112.95
49.43,12.34,171.78
49.5,11.05,110.55
49.43,10.97,149.01
50.32,9.77,99.07
50.09,10.46,102.44
50.11,10.33,126.06
49.99,10.11,114.01
49.91,10.02,121.56
48.31,10.71,115.09
48.19,10.83,102.16
48.73,10.54,106.69
48.63,10.6,110.59
48.66,10.4,107.23
48.44,10.39,90.88
48.12,10.16,112.15
48.16,10.39,97.68
48.74,10.95,96.69
48.66,10.82,82.74
52.47,13.15,83.49
52.63,13.5,80.46
52.48,13.41,83.21
52.48,13.54,76.36
49.32,8.5,94.01
50.73,6.59,92.07
54,8.87,72.44
54.1,9.16,61.14
53.9,9.13,79.62
54.76,9.19,61.8
54.51,9.31,69.39
54.62,9.18,55.06
50.49,6.44,108.07
52.6,13.75,80.53
52.38,13.06,73.47
51.57,14.7,74.23
50.76,13.87,116.86
50.81,13.93,113.38
50.46,12.82,116.33
48.51,9.05,102.91
52.56,13.31,69.7
52.55,8.59,60.47
53.7,8.98,72.07
53.82,9.29,77.82
52.69,9.05,71.54
52.5,8.92,76.13
49.39,9.97,113.33
50.94,10.16,119.76
52.51,11.39,69.74
51.48,14.89,70.05
50.31,12.38,125.6
50.9,10.57,125.26
53.93,9.03,84.42
53.38,12.6,87.58
53.52,13,82.8
52.3,9.79,95.77
48.59,10.96,92.43
48.43,10.95,96.33
48,12.83,97.81
47.86,12.71,96.13
47.95,12.79,85.06
48.58,13.03,115.34
48.3,13.15,94.05
48.31,13.26,118.67
48.34,13.31,105.61
48.4,13.39,83.95
48.33,11,101.12
51.64,6.76,83.97
53.14,14.11,85.1
51.87,14.37,77.78
51.88,12.91,81.81
54.33,9.83,74.42
54.28,9.47,69.87
54.89,8.7,85.74
54.49,9.07,69.68
54.36,10.6,60.26
53.7,9.96,81.07
50.83,10.76,141.57
49.62,8.62,120.55
49.65,9,112.38
54.29,9.67,83.93
50.72,8.79,112.07
48.99,9.71,120.38
49.45,9.47,116.5
50.16,10.2,123.39
51.75,13.96,72.03
51.41,13.44,86.39
53.8,12.15,80.42
53.17,8.97,65.81
53.23,9.1,66.5
52.23,9.38,97.33
54.45,12.56,72.16
53.68,13.24,82.08
52.82,9.31,58.17
52.76,9.61,60.92
49.48,8.62,120.9
48.28,8.15,137.28
47.96,11.27,84.77
48.63,11.3,96.8
47.93,11.39,83.85
47.72,11.41,102.39
47.76,11.63,98.3
47.59,11.18,96.5
47.71,11.17,112.18
48.52,10.53,96.11
48.54,12.51,120.5
50.28,10.98,127.65
55.02,8.44,71.88
54.92,8.33,72.98
54.49,8.86,89.89
53.17,12.49,79
53.22,12.56,72.59
52.1,11.58,111.7
52.71,9.26,70.1
52.41,13.13,70.83
51.2,12.83,102.44
52.65,9.43,76.83
52.53,9.34,63.16
52.85,9.71,74.58
52.3,13.64,66.63
48.73,11.16,84.35
49.06,11.51,114.03
48.48,11.5,83.96
47.91,12.91,93.87
54.31,10.86,81.78
53.66,11.9,88.73
53.8,11.27,85.05
49.06,11.34,98.87
49.29,11.28,108.15
49.05,10.97,101.36
49.88,10.87,121.72
49.15,11.39,95.62
47.88,7.64,118.11
47.42,10.98,109.93
51.52,6.33,78.45
51.5,6.54,96.59
51.76,6.29,85.56
52.88,11.5,74.3
52.12,11.02,96.24
49.98,6.9,114.29
52.69,13.78,90.35
52.76,13.89,93.65
52.4,11.1,82.88
48.1,10.66,102.33
47.91,11.84,94.4
49.24,10.97,132.26
49.15,10.81,126.1
49.94,9.35,106.73
49.9,9.23,99.41
50.19,10.84,124.46
54.33,8.6,60.44
51.84,6.24,82.61
49.82,8.83,108.44
48.95,10.11,113.27
53.69,9.16,59.1
53.38,9.21,67.52
47.67,9.5,90.42
47.95,7.65,113.62
51.53,13.39,70.3
48.19,12.35,108.5
54.44,10.17,83.37
54.79,9.67,77.59
47.93,12.23,113.45
48.64,13.64,104.34
48.91,13.26,148.88
47.69,8.25,138.69
47.69,8.68,92.11
49.45,10.64,129.72
50.26,10.15,110.95
50.21,10.32,128.45
50.09,10.8,111.81
50.29,11.27,112.52
50.25,11.39,112.24
50.02,11.51,125.14
50.08,11.44,147.3
50.1,11.8,165.11
50.03,11.64,116.68
49.65,11.93,121.84
49.1,11.81,81.56
49.58,12.42,128.85
54.61,8.97,68.34
54.43,10.31,77.17
54.16,12.25,75.64
50.97,11.09,118.29
53.24,7.45,65.51
53.1,11.56,70.98
52.55,12.77,75.58
51.47,13.61,78.18
52.79,11.74,82.21
51.37,13,121.83
51.06,10.49,114.98
48.7,10.24,103.78
48.95,8.56,115.76
48.02,10.04,97.92
53.64,9.57,78.17
53.62,9.68,58.09
54.71,8.8,80.77
54.22,10.9,78.6
52.56,8.15,63.97
52.78,7.92,63.33
52.62,6.84,62.69
53.34,9.89,81.09
53.21,10.3,69.45
53.31,10.29,67.52
54.42,11.18,87.2
53.74,7.49,56.19
48.09,10.88,97.97
47.57,11.53,105.53
48.31,12.71,107.25
48.06,12.43,105.73
48.86,12.54,116.08
48.83,11.95,84.89
48.65,12.37,101.06
48.63,12.43,71.66
53.57,9.69,73.49
54.24,12.43,64.36
54.05,12.18,63.84
53.02,10.66,71.96
50.41,6.37,113.03
50.79,12.87,103.82
50.36,6.87,109.37
50.21,6.62,108.32
49.63,11.03,111.15
49.51,11.46,106.06
49.74,10.97,92.47
49.77,10.82,124.79
52.18,10.53,91.97
52.68,7.24,70.03
52.29,10.46,86.33
54.57,9.96,86.24
53,13.48,75.83
52.31,13.31,76.53
52.17,13.47,87.64
53.7,9.65,69.87
48.38,11.26,95.81
47.95,11.09,102.41
48.66,11.96,110.11
48.85,12.91,152.6
48.37,12.25,116.96
49.4,11.74,95.28
48.96,12.39,101.25
49.21,12.53,149.32
53.67,9.81,62.22
54.53,11.06,84.49
54.46,13.25,65.73
53.83,13.68,82.16
53.67,14.19,71.49
52.87,13.41,74.82
51.05,13.47,110.64
50.03,6.6,129.96
49.93,7.06,109.56
49.02,8.7,114.13
53.29,11.74,84.06
48.54,11.21,85.72
47.78,10.79,86.04
48.08,12.6,117.09
48.77,12.26,107.68
48.74,12.42,119.12
48.71,12.53,98.03
48.44,12.37,103.86
52.2,9.56,97.25
52.06,9.27,100.79
49.67,12.14,129.7
50.31,11.88,109.72
54.87,8.43,75.4
53.76,10.26,68.47
53.42,11.87,86.19
54.13,11.67,82.61
50.95,14.88,117.12
52.96,10.56,76.3
52.39,14.09,67.74
53.29,9.27,68.44
52.32,9.21,95.43
53.29,10.49,74.55
52.9,10.16,66.13
53.34,10.34,67.7
49.12,7.56,104.95
48.36,11.81,81.95
50.85,7.5,106.51
48.36,7.83,111.33
48.44,11.6,88.55
47.6,11.63,139.63
48.62,12.19,103.25
48.51,12.08,107.85
48.59,12.02,101.91
50.31,12.1,121.58
50.09,12.22,111.93
49.86,12.47,124.83
49.27,12.98,90.4
49.42,12.69,133.21
49.63,12.5,121.99
49.27,12.8,121.28
50.65,13.15,120.29
54.01,10.57,78.49
53.57,10.68,76.63
54.7,8.53,65.85
52.39,12.16,70.67
51.85,10.77,108.4
50.88,13.67,127.13
54.03,9.71,69.35
54.19,7.88,100.02
53.64,7.88,125.49
48.22,11.59,93.99
53.02,14.2,91.25
52.71,14.13,75.36
52.65,12.48,82.31
51.92,11.95,90.05
51.86,11.04,102.59
54.71,9.5,66.03
47.82,10.32,80.55
47.8,10.21,103.04
48.51,12.65,119.29
48.4,12.65,117.05
53.45,12.26,92.59
53.88,13.94,63.99
49.97,9.58,124.44
50.05,10.04,114.98
49.9,10.12,100.5
48.66,9.86,106.73
54.41,8.82,72.94
52.67,12.22,68.98
51.42,11.44,115.06
50.6,12.66,128.4
53.92,8.5,74.43
54.27,8.85,75.35
53.45,10.29,61.54
54.62,9.37,70.86
49.84,8.59,90.77
48.61,7.83,82.12
47.73,12.86,112.63
48.57,13.49,121.8
48.71,13.76,10.48
48.6,13.79,112.59
48.7,12.2,105.68
50.18,9.8,146.84
50.17,10.08,122.4
50.14,10.03,130.79
50.02,9.89,101.12
50.14,11.08,101.66
50.15,11.33,108.36
52.28,11.85,76.63
52.12,13.91,52.65
50.88,13.91,110.2
51,13.92,86.73
53.77,9.88,65.99
53.52,13.74,79.07
53.77,8.09,54.09
49.84,8.11,115.88
49.45,7.76,100.98
54.55,9.93,89.46
54.74,9.89,84.95
54.4,8.99,93.06
53.4,8.12,65.49
53.26,7.27,68.22
53.45,8.44,71.02
52.47,10.2,86.28
51.8,9.68,97.61
53.25,10.46,76.94
52.9,10.44,70.69
48.26,11.67,69.23
48.55,10.64,99.12
48.35,10.59,92.63
47.99,12.64,87.43
48.6,12.58,105.33
48.66,12.08,112.69
49.52,10.81,143.85
49.48,11.96,115.45
52.24,14.41,60.12
52,14.06,72.18
51.54,11.14,114.61
52.52,12.25,107.43
52.37,12.38,80.11
52.41,12.7,82.31
51.83,12.18,80.33
49.15,9.19,109.37
48.57,9.65,75.19
50.98,9.75,119.44
53.32,11.5,74.32
53.69,11.11,85.59
53.49,9.93,74.81
53.49,10.02,101.8
53.64,14.02,77.14
53.63,9.99,51.99
51.43,12.21,95.37
51.1,14.66,104.32
51.74,6.52,90.32
50.49,7.89,107.88
49.76,7.05,121.21
52.16,14.35,75.06
53.96,10.88,80.4
53.53,9.83,76.32
47.62,8.22,93.89
48.09,9.79,102.07
53.57,9.97,71.17
53.23,11.42,73.33
49.21,10.07,120.81
54.52,13.16,78.25
54.16,13.77,66.46
54.5,10.27,45.2
